species,percent_cover,plot,native,richness,c_value
achillea millefolium,1,H14,0,1,0
achillea millefolium,1,H19,0,1,0
achillea millefolium,8,B6,0,1,0
achillea millefolium,1,F8,0,1,0
achillea millefolium,3,J8,0,1,0
achillea millefolium,1,F4,0,1,0
achillea millefolium,2,J7,0,1,0
achillea millefolium,2,B18,0,1,0
achillea millefolium,3,I3,0,1,0
achillea millefolium,5,H13,0,1,0
achillea millefolium,1,G10,0,1,0
achillea millefolium,1,K13,0,1,0
achillea millefolium,2,G7,0,1,0
achillea millefolium,2,J6,0,1,0
achillea millefolium,1,I6,0,1,0
achillea millefolium,1,I10,0,1,0
achillea millefolium,15,H11,0,1,0
achillea millefolium,15,D23,0,1,0
achillea millefolium,2,C7,0,1,0
achillea millefolium,5,I19,0,1,0
achillea millefolium,1,G15,0,1,0
achillea millefolium,1,G9,0,1,0
achillea millefolium,1,I5,0,1,0
achillea millefolium,3,B21,0,1,0
achillea millefolium,1,I13,0,1,0
achillea millefolium,1,J10,0,1,0
achillea millefolium,1,J4,0,1,0
achillea millefolium,5,E11,0,1,0
achillea millefolium,1,C13,0,1,0
achillea millefolium,1,G16,0,1,0
achillea millefolium,3,J9,0,1,0
achillea millefolium,1,G14,0,1,0
achillea millefolium,3,H8,0,1,0
achillea millefolium,2,H1,0,1,0
achillea millefolium,3,E15,0,1,0
alliaria petiolata,5,A16,0,1,0
alliaria petiolata,1,A15,0,1,0
alliaria petiolata,1,A24,0,1,0
alliaria petiolata,1,L7,0,1,0
alliaria petiolata,1,L6,0,1,0
alliaria petiolata,1,A12,0,1,0
alliaria petiolata,5,A19,0,1,0
alliaria petiolata,20,L5,0,1,0
alliaria petiolata,25,A11,0,1,0
alliaria petiolata,2,A13,0,1,0
alliaria petiolata,10,A17,0,1,0
alliaria petiolata,3,L1,0,1,0
allium canadense,1,G5,1,1,3
allium cernuum,2,G14,1,1,7
allium cernuum,1,G8,1,1,7
allium cernuum,1,F4,1,1,7
allium cernuum,2,C3,1,1,7
allium cernuum,1,D16,1,1,7
allium cernuum,1,A1,1,1,7
allium cernuum,5,A2,1,1,7
allium cernuum,1,F14,1,1,7
allium cernuum,1,D7,1,1,7
allium cernuum,1,E2,1,1,7
allium cernuum,3,E15,1,1,7
allium cernuum,2,E3,1,1,7
allium cernuum,1,K12,1,1,7
allium cernuum,3,E11,1,1,7
allium cernuum,10,C2,1,1,7
allium cernuum,2,C1,1,1,7
allium cernuum,1,J8,1,1,7
allium cernuum,1,J7,1,1,7
allium cernuum,1,D14,1,1,7
allium cernuum,1,F3,1,1,7
allium cernuum,1,G11,1,1,7
allium cernuum,3,F16,1,1,7
allium cernuum,2,K6,1,1,7
allium cernuum,1,G9,1,1,7
allium cernuum,2,C6,1,1,7
allium cernuum,1,F15,1,1,7
allium cernuum,3,F1,1,1,7
allium cernuum,1,J4,1,1,7
allium cernuum,1,B1,1,1,7
allium cernuum,3,D13,1,1,7
allium cernuum,1,E4,1,1,7
allium cernuum,3,D11,1,1,7
allium cernuum,1,K7,1,1,7
allium cernuum,3,B13,1,1,7
allium cernuum,1,C8,1,1,7
allium cernuum,1,J9,1,1,7
allium cernuum,2,D2,1,1,7
allium cernuum,1,E6,1,1,7
allium cernuum,1,H2,1,1,7
allium cernuum,1,H10,1,1,7
allium cernuum,3,C5,1,1,7
allium cernuum,2,D3,1,1,7
allium cernuum,2,E12,1,1,7
allium cernuum,2,D15,1,1,7
allium cernuum,1,I12,1,1,7
allium cernuum,1,A23,1,1,7
allium cernuum,1,D5,1,1,7
allium cernuum,1,I7,1,1,7
allium cernuum,2,D1,1,1,7
allium cernuum,2,F11,1,1,7
allium cernuum,3,C12,1,1,7
allium cernuum,2,G1,1,1,7
allium cernuum,1,J6,1,1,7
allium cernuum,2,B12,1,1,7
allium cernuum,3,E13,1,1,7
allium cernuum,2,F13,1,1,7
allium cernuum,3,E14,1,1,7
allium cernuum,1,B3,1,1,7
allium cernuum,3,D6,1,1,7
ambrosia artemisiifolia,8,L2,1,1,0
ambrosia artemisiifolia,50,L18,1,1,0
ambrosia artemisiifolia,1,D23,1,1,0
ambrosia artemisiifolia,2,G11,1,1,0
ambrosia artemisiifolia,20,G21,1,1,0
ambrosia artemisiifolia,1,J19,1,1,0
ambrosia artemisiifolia,10,B24,1,1,0
ambrosia artemisiifolia,2,J15,1,1,0
ambrosia artemisiifolia,5,A25,1,1,0
ambrosia artemisiifolia,15,E19,1,1,0
ambrosia artemisiifolia,5,F fence,1,1,0
ambrosia trifida,50,L1,1,1,0
ambrosia trifida,3,H20,1,1,0
ambrosia trifida,60,A8,1,1,0
amorpha canescens,1,C7,1,1,10
amorpha canescens,5,G6,1,1,10
amorpha canescens,2,H5,1,1,10
amorpha canescens,1,G5,1,1,10
amorpha canescens,3,E12,1,1,10
amorpha canescens,5,B6,1,1,10
amorpha canescens,2,G16,1,1,10
amorpha canescens,20,F3,1,1,10
amorpha canescens,10,E14,1,1,10
amorpha canescens,8,F15,1,1,10
amorpha canescens,5,F14,1,1,10
andropogon gerardii,5,G16,1,1,5
andropogon gerardii,2,J8,1,1,5
andropogon gerardii,5,E3,1,1,5
andropogon gerardii,2,G1,1,1,5
andropogon gerardii,1,F1,1,1,5
andropogon gerardii,3,H14,1,1,5
andropogon gerardii,1,B1,1,1,5
andropogon gerardii,1,G9,1,1,5
andropogon gerardii,3,H19,1,1,5
andropogon gerardii,2,J18,1,1,5
andropogon gerardii,2,H3,1,1,5
andropogon gerardii,2,H9,1,1,5
andropogon gerardii,2,H7,1,1,5
andropogon gerardii,1,J10,1,1,5
andropogon gerardii,2,J9,1,1,5
andropogon gerardii,5,I9,1,1,5
andropogon gerardii,80,I19,1,1,5
andropogon gerardii,5,G2,1,1,5
andropogon gerardii,10,F17,1,1,5
andropogon gerardii,3,E1,1,1,5
andropogon gerardii,2,H10,1,1,5
andropogon gerardii,2,B2,1,1,5
anemone cylindrica,3,I9,1,1,8
anemone cylindrica,2,G4,1,1,8
anemone cylindrica,1,F4,1,1,8
anemone cylindrica,1,H9,1,1,8
anemone cylindrica,1,H8,1,1,8
anemone cylindrica,5,H1,1,1,8
anemone cylindrica,2,G8,1,1,8
anemone cylindrica,1,H14,1,1,8
antennaria neglecta,1,E13,1,1,3
antennaria neglecta,2,C7,1,1,3
apocynum cannabinum,1,J1,1,1,2
apocynum cannabinum,15,I15,1,1,2
apocynum cannabinum,3,F13,1,1,2
apocynum cannabinum,75,J15,1,1,2
apocynum cannabinum,5,H12,1,1,2
apocynum cannabinum,8,K13,1,1,2
apocynum cannabinum,50,J16,1,1,2
apocynum cannabinum,10,F19,1,1,2
apocynum cannabinum,1,I14,1,1,2
apocynum cannabinum,3,H13,1,1,2
apocynum cannabinum,40,D18,1,1,2
apocynum cannabinum,1,J2,1,1,2
apocynum cannabinum,50,F21,1,1,2
apocynum cannabinum,5,G21,1,1,2
apocynum cannabinum,5,D8,1,1,2
apocynum cannabinum,15,E9,1,1,2
apocynum cannabinum,2,D9,1,1,2
apocynum cannabinum,5,I2,1,1,2
apocynum cannabinum,25,L15,1,1,2
apocynum cannabinum,1,H11,1,1,2
apocynum cannabinum,60,F20,1,1,2
apocynum cannabinum,100,G13,1,1,2
apocynum cannabinum,40,F fence,1,1,2
apocynum cannabinum,8,I13,1,1,2
apocynum cannabinum,5,L18,1,1,2
apocynum cannabinum,30,G12,1,1,2
apocynum cannabinum,25,E21,1,1,2
apocynum cannabinum,80,L6,1,1,2
apocynum cannabinum,25,C9,1,1,2
apocynum cannabinum,5,D20,1,1,2
apocynum cannabinum,3,J12,1,1,2
apocynum cannabinum,150,E19,1,1,2
apocynum cannabinum,10,I12,1,1,2
apocynum cannabinum,20,K17,1,1,2
apocynum cannabinum,1,B4,1,1,2
apocynum cannabinum,5,E5,1,1,2
apocynum cannabinum,5,D19,1,1,2
apocynum cannabinum,20,E18,1,1,2
apocynum cannabinum,3,F9,1,1,2
apocynum cannabinum,10,F12,1,1,2
apocynum cannabinum,8,G19,1,1,2
arnoglossum plantagineum,5,C16,1,1,10
atriplex patula,8,A17,0,1,0
atriplex patula,5,A11,0,1,0
atriplex patula,8,A16,0,1,0
atriplex patula,3,A24,0,1,0
atriplex patula,8,A7,0,1,0
atriplex patula,1,A6,0,1,0
atriplex patula,10,A9,0,1,0
atriplex patula,40,A13,0,1,0
atriplex patula,1,A20,0,1,0
atriplex patula,10,A10,0,1,0
atriplex patula,25,A4,0,1,0
atriplex patula,3,A14,0,1,0
baptisia bracteata,40,C6,1,1,10
bidens aristosa,1,A7,1,1,3
bidens aristosa,1,L9,1,1,3
bidens aristosa,5,L8,1,1,3
bidens aristosa,1,A8,1,1,3
bromus kalmii,1,C1,1,1,10
calamagrostis canadensis,50,E20,1,1,6
calamagrostis canadensis,20,F9,1,1,6
calamagrostis canadensis,30,C20,1,1,6
calamagrostis canadensis,1,F8,1,1,6
calamagrostis canadensis,1,G20,1,1,6
calamagrostis canadensis,10,D20,1,1,6
calamagrostis canadensis,75,C9,1,1,6
calamagrostis canadensis,5,C10,1,1,6
calamagrostis canadensis,25,F19,1,1,6
calamagrostis canadensis,15,E10,1,1,6
calamagrostis canadensis,5,G11,1,1,6
calamagrostis canadensis,2,C17,1,1,6
calamagrostis canadensis,2,F11,1,1,6
calamagrostis canadensis,1,K1,1,1,6
calamagrostis canadensis,20,D21,1,1,6
calamagrostis canadensis,2,B24,1,1,6
calamagrostis canadensis,5,G12,1,1,6
calamagrostis canadensis,40,B10,1,1,6
calamagrostis canadensis,20,B9,1,1,6
calamagrostis canadensis,2,D8,1,1,6
calamagrostis canadensis,30,D9,1,1,6
calamagrostis canadensis,3,F10,1,1,6
calamagrostis canadensis,5,F12,1,1,6
calamagrostis canadensis,5,C18,1,1,6
calamagrostis canadensis,50,E9,1,1,6
calamagrostis canadensis,40,E8,1,1,6
calamagrostis canadensis,2,F7,1,1,6
calamagrostis canadensis,75,F21,1,1,6
calamagrostis canadensis,15,D19,1,1,6
calamagrostis canadensis,5,E22,1,1,6
calamagrostis canadensis,25,D18,1,1,6
calamagrostis canadensis,1,C8,1,1,6
calamagrostis canadensis,10,F fence,1,1,6
calamagrostis canadensis,15,G13,1,1,6
calamagrostis canadensis,3,C11,1,1,6
calamagrostis canadensis,2,J2,1,1,6
calamagrostis canadensis,5,D10,1,1,6
calamagrostis canadensis,25,D17,1,1,6
calamagrostis canadensis,3,F17,1,1,6
calamagrostis canadensis,2,F5,1,1,6
calamagrostis canadensis,75,C19,1,1,6
calamagrostis canadensis,1,F13,1,1,6
calamagrostis canadensis,30,E21,1,1,6
calamagrostis canadensis,1,G10,1,1,6
calamagrostis canadensis,40,F20,1,1,6
calamagrostis canadensis,1,H9,1,1,6
calystegia sepium,5,L14,1,1,1
calystegia sepium,1,L12,1,1,1
calystegia sepium,40,K2,1,1,1
calystegia sepium,2,A6,1,1,1
calystegia sepium,3,J2,1,1,1
calystegia sepium,30,L2,1,1,1
calystegia sepium,1,I13,1,1,1
calystegia sepium,1,K12,1,1,1
calystegia sepium,3,L13,1,1,1
calystegia sepium,3,K9,1,1,1
calystegia sepium,20,K3,1,1,1
calystegia sepium,10,I15,1,1,1
calystegia sepium,3,L15,1,1,1
calystegia sepium,1,B24,1,1,1
calystegia sepium,1,D11,1,1,1
calystegia sepium,25,L16,1,1,1
calystegia sepium,1,L10,1,1,1
calystegia sepium,10,K1,1,1,1
carex brevior,5,J13,1,1,3
carex buxbaumii,3,E7,1,1,10
carex buxbaumii,25,K4,1,1,10
carex buxbaumii,25,K3,1,1,10
carex buxbaumii,10,E4,1,1,10
carex buxbaumii,25,C21,1,1,10
carex pellita,15,B24,1,1,4
carex pellita,2,B21,1,1,4
carex pellita,8,F6,1,1,4
carex pellita,1,E13,1,1,4
carex pellita,2,B5,1,1,4
carex pellita,15,K5,1,1,4
carex pellita,15,B11,1,1,4
carex pellita,3,G1,1,1,4
carex pellita,10,J1,1,1,4
carex pellita,3,G8,1,1,4
carex pellita,5,D4,1,1,4
carex pellita,2,L11,1,1,4
carex pellita,1,E12,1,1,4
carex pellita,5,C5,1,1,4
carex pellita,10,F10,1,1,4
carex pellita,3,C2,1,1,4
carex pellita,5,D11,1,1,4
carex pellita,1,L6,1,1,4
carex pellita,30,K8,1,1,4
carex pellita,3,F7,1,1,4
carex pellita,1,A3,1,1,4
carex pellita,25,B15,1,1,4
carex pellita,3,B3,1,1,4
carex pellita,2,D3,1,1,4
carex pellita,3,E11,1,1,4
carex pellita,1,E3,1,1,4
carex pellita,10,I11,1,1,4
carex pellita,10,B14,1,1,4
carex pellita,1,B2,1,1,4
carex pellita,3,I14,1,1,4
carex pellita,3,C14,1,1,4
carex pellita,25,K9,1,1,4
carex pellita,2,I13,1,1,4
carex pellita,1,H20,1,1,4
carex pellita,15,B17,1,1,4
carex pellita,3,I8,1,1,4
carex pellita,3,J10,1,1,4
carex pellita,1,H14,1,1,4
carex pellita,2,G9,1,1,4
carex pellita,2,D16,1,1,4
carex pellita,2,G4,1,1,4
carex pellita,1,I10,1,1,4
carex pellita,3,J7,1,1,4
carex pellita,3,C16,1,1,4
carex pellita,10,K6,1,1,4
carex pellita,1,F16,1,1,4
carex pellita,1,G19,1,1,4
carex pellita,10,I2,1,1,4
carex pellita,1,H8,1,1,4
carex pellita,5,C12,1,1,4
carex pellita,2,H2,1,1,4
carex pellita,1,C6,1,1,4
carex pellita,2,C3,1,1,4
carex pellita,1,J6,1,1,4
carex pellita,1,E1,1,1,4
carex pellita,1,H10,1,1,4
carex pellita,1,F1,1,1,4
carex pellita,3,F5,1,1,4
carex pellita,1,F14,1,1,4
carex pellita,10,C15,1,1,4
carex pellita,1,D7,1,1,4
carex pellita,5,E16,1,1,4
carex pellita,5,F8,1,1,4
carex pellita,3,I7,1,1,4
carex pellita,1,L7,1,1,4
carex pellita,1,I6,1,1,4
carex pellita,2,F2,1,1,4
carex pellita,3,G7,1,1,4
carex pellita,1,G3,1,1,4
carex pellita,8,K7,1,1,4
carex pellita,10,K1,1,1,4
carex pellita,1,D14,1,1,4
carex pellita,3,B12,1,1,4
carex pellita,3,H1,1,1,4
carex pellita,1,D2,1,1,4
carex pellita,2,E14,1,1,4
carex pellita,1,B7,1,1,4
carex pellita,3,I1,1,1,4
carex pellita,2,F3,1,1,4
carex pellita,10,C4,1,1,4
carex pellita,1,H4,1,1,4
carex pellita,3,J12,1,1,4
carex pellita,50,B16,1,1,4
carex pellita,25,A25,1,1,4
carex pellita,1,K11,1,1,4
carex pellita,2,H15,1,1,4
carex pellita,3,B4,1,1,4
carex pellita,1,A10,1,1,4
carex pellita,5,C8,1,1,4
carex pellita,1,F17,1,1,4
carex pellita,5,G10,1,1,4
carex pellita,1,G6,1,1,4
carex pellita,1,J4,1,1,4
carex pellita,1,F4,1,1,4
carex pellita,10,G12,1,1,4
carex pellita,1,H6,1,1,4
carex pellita,3,C22,1,1,4
carex pellita,15,G21,1,1,4
carex pellita,10,I12,1,1,4
carex pellita,5,J2,1,1,4
carex pellita,10,B19,1,1,4
carex pellita,1,D15,1,1,4
carex pellita,1,G15,1,1,4
carex pellita,2,I5,1,1,4
carex pellita,2,F19,1,1,4
carex pellita,3,G14,1,1,4
carex pellita,3,K10,1,1,4
carex pellita,5,D13,1,1,4
carex pellita,1,A4,1,1,4
carex pellita,3,I4,1,1,4
carex pellita,2,H11,1,1,4
carex pellita,2,L2,1,1,4
carex pellita,2,G11,1,1,4
carex pellita,1,D5,1,1,4
carex pellita,1,D6,1,1,4
carex pellita,1,J11,1,1,4
carex pellita,2,H12,1,1,4
carex pellita,2,L9,1,1,4
carex pellita,2,G13,1,1,4
carex pellita,5,C11,1,1,4
carex pellita,3,A5,1,1,4
carex pellita,1,J3,1,1,4
carex pellita,5,C13,1,1,4
carex pellita,1,L8,1,1,4
carex pellita,5,K13,1,1,4
carex pellita,3,E15,1,1,4
carex pellita,2,K2,1,1,4
carex pellita,2,J5,1,1,4
carex pellita,10,E5,1,1,4
carex pellita,5,B20,1,1,4
carex pellita,1,G2,1,1,4
carex pellita,1,H7,1,1,4
carex pellita,5,A21,1,1,4
carex pellita,3,F13,1,1,4
carex pellita,2,B18,1,1,4
carex pellita,80,A9,1,1,4
carex pellita,20,K12,1,1,4
carex pellita,3,E2,1,1,4
carex pellita,1,A18,1,1,4
carex pellita,5,L4,1,1,4
carex pellita,3,J8,1,1,4
carex pellita,2,H3,1,1,4
carex pellita,1,G5,1,1,4
carex stricta,10,D20,1,1,5
carex stricta,20,C10,1,1,5
carex stricta,20,C20,1,1,5
carex stricta,5,E8,1,1,5
carex stricta,25,E19,1,1,5
carex stricta,3,F20,1,1,5
carex stricta,5,B10,1,1,5
carex stricta,10,D21,1,1,5
carex stricta,8,C19,1,1,5
carex stricta,90,D22,1,1,5
carex stricta,30,E9,1,1,5
carex stricta,10,F8,1,1,5
carex stricta,5,B9,1,1,5
carex stricta,3,F21,1,1,5
carex stricta,3,E10,1,1,5
carex stricta,10,F11,1,1,5
carex stricta,10,C9,1,1,5
carex stricta,3,F12,1,1,5
carex stricta,40,B8,1,1,5
carex stricta,5,C17,1,1,5
carex stricta,3,D18,1,1,5
carex stricta,8,E17,1,1,5
carex stricta,3,D8,1,1,5
carex stricta,5,D10,1,1,5
carex stricta,3,F fence,1,1,5
carex stricta,3,E6,1,1,5
carex stricta,20,F9,1,1,5
carex stricta,10,E20,1,1,5
carex stricta,20,E21,1,1,5
carex stricta,3,E18,1,1,5
carex stricta,1,E22,1,1,5
carex stricta,10,D19,1,1,5
carex stricta,5,D9,1,1,5
carex stricta,25,D17,1,1,5
carex tetanica,1,G1,1,1,7
chenopodium album,2,A3,0,1,0
chenopodium album,8,A5,0,1,0
chenopodium album,1,L1,0,1,0
chenopodium album,5,A7,0,1,0
cirsium arvense,10,L2,0,1,0
cirsium arvense,5,L1,0,1,0
cirsium arvense,3,L3,0,1,0
cirsium arvense,2,L8,0,1,0
cirsium discolor,3,H20,1,1,3
cirsium discolor,3,A11,1,1,3
cirsium discolor,3,H13,1,1,3
cirsium discolor,3,B12,1,1,3
cirsium discolor,30,A16,1,1,3
cirsium discolor,5,I15,1,1,3
comandra umbellata,1,D23,1,1,9
comandra umbellata,2,B23,1,1,9
comandra umbellata,2,A3,1,1,9
comandra umbellata,5,G6,1,1,9
comandra umbellata,10,G5,1,1,9
comandra umbellata,2,B19,1,1,9
comandra umbellata,10,F16,1,1,9
comandra umbellata,2,C3,1,1,9
comandra umbellata,1,K6,1,1,9
comandra umbellata,10,I6,1,1,9
comandra umbellata,8,G4,1,1,9
comandra umbellata,10,H6,1,1,9
comandra umbellata,1,D4,1,1,9
comandra umbellata,2,F1,1,1,9
comandra umbellata,8,H4,1,1,9
comandra umbellata,1,F6,1,1,9
comandra umbellata,8,D11,1,1,9
comandra umbellata,1,C21,1,1,9
comandra umbellata,8,G14,1,1,9
comandra umbellata,2,E15,1,1,9
comandra umbellata,2,B8,1,1,9
comandra umbellata,2,J9,1,1,9
comandra umbellata,2,C15,1,1,9
comandra umbellata,3,I1,1,1,9
comandra umbellata,8,E2,1,1,9
comandra umbellata,5,D13,1,1,9
comandra umbellata,10,D16,1,1,9
comandra umbellata,1,G1,1,1,9
comandra umbellata,2,G7,1,1,9
comandra umbellata,1,B24,1,1,9
comandra umbellata,15,B18,1,1,9
comandra umbellata,5,H8,1,1,9
comandra umbellata,15,G15,1,1,9
comandra umbellata,5,B3,1,1,9
comandra umbellata,10,I7,1,1,9
comandra umbellata,2,G16,1,1,9
comandra umbellata,2,F7,1,1,9
comandra umbellata,3,C4,1,1,9
comandra umbellata,3,I4,1,1,9
comandra umbellata,1,B20,1,1,9
comandra umbellata,8,D12,1,1,9
comandra umbellata,8,I3,1,1,9
comandra umbellata,2,D14,1,1,9
comandra umbellata,5,B2,1,1,9
comandra umbellata,2,H1,1,1,9
comandra umbellata,3,D5,1,1,9
comandra umbellata,30,F17,1,1,9
comandra umbellata,1,D8,1,1,9
comandra umbellata,2,F15,1,1,9
comandra umbellata,15,I8,1,1,9
comandra umbellata,8,G9,1,1,9
comandra umbellata,3,C2,1,1,9
comandra umbellata,10,E12,1,1,9
comandra umbellata,5,I9,1,1,9
comandra umbellata,8,E4,1,1,9
comandra umbellata,2,J3,1,1,9
comandra umbellata,8,D6,1,1,9
comandra umbellata,15,D15,1,1,9
comandra umbellata,2,D1,1,1,9
comandra umbellata,15,D7,1,1,9
comandra umbellata,10,F14,1,1,9
comandra umbellata,8,D2,1,1,9
comandra umbellata,5,D3,1,1,9
comandra umbellata,2,B7,1,1,9
comandra umbellata,3,C6,1,1,9
comandra umbellata,3,F2,1,1,9
comandra umbellata,5,A1,1,1,9
comandra umbellata,2,F4,1,1,9
comandra umbellata,2,H10,1,1,9
comandra umbellata,3,J7,1,1,9
comandra umbellata,5,C23,1,1,9
comandra umbellata,5,E7,1,1,9
comandra umbellata,25,E1,1,1,9
comandra umbellata,25,H7,1,1,9
comandra umbellata,5,E3,1,1,9
comandra umbellata,2,B6,1,1,9
comandra umbellata,8,H5,1,1,9
comandra umbellata,20,E11,1,1,9
comandra umbellata,3,F5,1,1,9
comandra umbellata,5,C17,1,1,9
comandra umbellata,8,C7,1,1,9
comandra umbellata,25,J11,1,1,9
comandra umbellata,3,F13,1,1,9
comandra umbellata,5,F3,1,1,9
comandra umbellata,3,J6,1,1,9
comandra umbellata,15,H9,1,1,9
comandra umbellata,3,E17,1,1,9
comandra umbellata,3,C5,1,1,9
comandra umbellata,2,H14,1,1,9
comandra umbellata,3,C22,1,1,9
comandra umbellata,10,C1,1,1,9
comandra umbellata,8,G3,1,1,9
comandra umbellata,1,B16,1,1,9
comandra umbellata,3,I10,1,1,9
comandra umbellata,8,C16,1,1,9
comandra umbellata,2,E13,1,1,9
comandra umbellata,20,G2,1,1,9
comandra umbellata,3,I5,1,1,9
comandra umbellata,20,B5,1,1,9
comandra umbellata,2,B1,1,1,9
comandra umbellata,5,H2,1,1,9
comandra umbellata,8,H3,1,1,9
comandra umbellata,5,J10,1,1,9
comandra umbellata,3,J5,1,1,9
comandra umbellata,25,C11,1,1,9
comandra umbellata,2,G8,1,1,9
comandra umbellata,5,J4,1,1,9
convolvulus arvensis,1,A2,0,1,0
convolvulus arvensis,10,A3,0,1,0
coreopsis palmata,20,B12,1,1,10
coreopsis palmata,2,F16,1,1,10
coreopsis palmata,2,E2,1,1,10
coreopsis palmata,2,B3,1,1,10
coreopsis palmata,3,B5,1,1,10
coreopsis palmata,1,H6,1,1,10
coreopsis palmata,2,I7,1,1,10
coreopsis palmata,8,F2,1,1,10
coreopsis palmata,5,F14,1,1,10
coreopsis palmata,3,J4,1,1,10
coreopsis palmata,2,D7,1,1,10
coreopsis palmata,5,E13,1,1,10
coreopsis palmata,2,E1,1,1,10
coreopsis palmata,1,I8,1,1,10
coreopsis palmata,1,D2,1,1,10
coreopsis palmata,3,G16,1,1,10
coreopsis palmata,1,G4,1,1,10
coreopsis palmata,3,B7,1,1,10
coreopsis palmata,5,F15,1,1,10
coreopsis palmata,2,D14,1,1,10
coreopsis palmata,1,G5,1,1,10
coreopsis palmata,10,I5,1,1,10
coreopsis palmata,5,E14,1,1,10
coreopsis palmata,1,H5,1,1,10
coreopsis palmata,10,I6,1,1,10
coreopsis palmata,2,J10,1,1,10
coreopsis palmata,2,D15,1,1,10
coreopsis palmata,1,H7,1,1,10
coreopsis palmata,5,B2,1,1,10
coreopsis palmata,20,E15,1,1,10
coreopsis palmata,2,D6,1,1,10
coreopsis palmata,1,E16,1,1,10
coreopsis palmata,5,F3,1,1,10
coreopsis palmata,3,B13,1,1,10
coreopsis palmata,2,I10,1,1,10
coreopsis palmata,25,C2,1,1,10
coreopsis palmata,10,E12,1,1,10
coreopsis palmata,3,J8,1,1,10
coreopsis palmata,1,C3,1,1,10
coreopsis palmata,2,D11,1,1,10
coreopsis palmata,5,B1,1,1,10
coreopsis palmata,3,J5,1,1,10
coreopsis palmata,5,B6,1,1,10
coreopsis palmata,3,C6,1,1,10
coreopsis palmata,10,C1,1,1,10
coreopsis palmata,2,J7,1,1,10
coreopsis palmata,2,D13,1,1,10
coreopsis palmata,2,E3,1,1,10
coreopsis palmata,1,H4,1,1,10
coreopsis palmata,2,F1,1,1,10
coreopsis palmata,3,E11,1,1,10
coreopsis palmata,2,D12,1,1,10
coreopsis palmata,1,G8,1,1,10
coreopsis palmata,10,J6,1,1,10
coreopsis palmata,2,I4,1,1,10
coreopsis palmata,1,F4,1,1,10
coreopsis palmata,3,C7,1,1,10
coreopsis palmata,8,C5,1,1,10
coreopsis palmata,1,G3,1,1,10
coreopsis tripteris,10,J7,1,1,5
cornus racemosa,150,K8,1,1,1
cornus racemosa,30,F15,1,1,1
cornus racemosa,50,B12,1,1,1
cornus racemosa,30,J12,1,1,1
cornus racemosa,90,K9,1,1,1
cornus racemosa,60,G6,1,1,1
cornus racemosa,60,K12,1,1,1
cornus racemosa,30,E16,1,1,1
cornus racemosa,100,K11,1,1,1
cornus racemosa,30,E17,1,1,1
cornus racemosa,60,D8,1,1,1
cornus racemosa,30,E15,1,1,1
cornus racemosa,2,F16,1,1,1
cornus racemosa,15,K6,1,1,1
cornus racemosa,15,B20,1,1,1
cornus racemosa,1,K7,1,1,1
cornus racemosa,80,E18,1,1,1
cornus racemosa,3,L8,1,1,1
cornus racemosa,125,H12,1,1,1
cornus racemosa,5,B18,1,1,1
crataegus mollis,8,F18,1,1,2
dactylis glomerata,1,A17,0,1,0
dactylis glomerata,50,A15,0,1,0
dactylis glomerata,5,A7,0,1,0
dalea purpurea,3,C2,1,1,9
dalea purpurea,3,D1,1,1,9
dalea purpurea,2,I9,1,1,9
dalea purpurea,5,G16,1,1,9
daucus carota,3,L5,0,1,0
daucus carota,10,L7,0,1,0
daucus carota,3,A1,0,1,0
daucus carota,1,B1,0,1,0
daucus carota,1,L6,0,1,0
daucus carota,50,L8,0,1,0
daucus carota,1,L1,0,1,0
daucus carota,1,L2,0,1,0
dichanthelium leibergii,1,E13,1,1,10
dichanthelium leibergii,5,D1,1,1,10
dichanthelium leibergii,1,E16,1,1,10
dichanthelium leibergii,1,E7,1,1,10
dichanthelium leibergii,3,G15,1,1,10
dichanthelium leibergii,2,D15,1,1,10
dichanthelium leibergii,2,H7,1,1,10
dichanthelium leibergii,8,G2,1,1,10
dichanthelium leibergii,1,F4,1,1,10
dichanthelium leibergii,2,D14,1,1,10
dichanthelium leibergii,2,H19,1,1,10
dichanthelium leibergii,2,F14,1,1,10
dichanthelium leibergii,3,F15,1,1,10
dichanthelium leibergii,2,D5,1,1,10
dichanthelium leibergii,2,C7,1,1,10
dichanthelium leibergii,1,H3,1,1,10
dichanthelium leibergii,1,F6,1,1,10
dichanthelium leibergii,2,I5,1,1,10
dichanthelium leibergii,1,E17,1,1,10
dichanthelium leibergii,3,I9,1,1,10
dichanthelium leibergii,2,H8,1,1,10
dichanthelium leibergii,1,J8,1,1,10
dichanthelium leibergii,1,D11,1,1,10
dichanthelium leibergii,2,C6,1,1,10
dichanthelium leibergii,3,G16,1,1,10
dichanthelium leibergii,1,H1,1,1,10
dichanthelium leibergii,1,G6,1,1,10
dichanthelium leibergii,2,D13,1,1,10
dichanthelium leibergii,1,C21,1,1,10
dichanthelium leibergii,1,B8,1,1,10
dichanthelium leibergii,1,G7,1,1,10
dichanthelium leibergii,1,F3,1,1,10
dichanthelium leibergii,1,D2,1,1,10
dichanthelium leibergii,1,D7,1,1,10
dichanthelium leibergii,5,I6,1,1,10
dichanthelium leibergii,1,B5,1,1,10
dichanthelium leibergii,1,D3,1,1,10
dichanthelium leibergii,2,F13,1,1,10
dichanthelium leibergii,1,I7,1,1,10
dichanthelium leibergii,3,F2,1,1,10
dichanthelium leibergii,1,H2,1,1,10
dichanthelium leibergii,1,B6,1,1,10
dichanthelium leibergii,2,C24,1,1,10
dichanthelium leibergii,1,G10,1,1,10
dichanthelium leibergii,1,C5,1,1,10
dichanthelium leibergii,5,D6,1,1,10
dichanthelium leibergii,1,B9,1,1,10
dichanthelium leibergii,2,C23,1,1,10
dichanthelium leibergii,2,F1,1,1,10
dichanthelium leibergii,1,D8,1,1,10
dichanthelium leibergii,10,G8,1,1,10
dichanthelium leibergii,3,F16,1,1,10
dichanthelium leibergii,2,E1,1,1,10
dichanthelium leibergii,2,G5,1,1,10
dichanthelium leibergii,2,E14,1,1,10
dichanthelium leibergii,1,G4,1,1,10
dichanthelium leibergii,5,H9,1,1,10
dichanthelium leibergii,3,G9,1,1,10
dichanthelium leibergii,1,H4,1,1,10
dichanthelium leibergii,1,C8,1,1,10
dichanthelium leibergii,2,G14,1,1,10
dichanthelium leibergii,2,D16,1,1,10
dichanthelium leibergii,3,H5,1,1,10
dichanthelium leibergii,1,I4,1,1,10
dichanthelium leibergii,5,E15,1,1,10
dichanthelium leibergii,1,J6,1,1,10
dichanthelium leibergii,1,G3,1,1,10
dichanthelium leibergii,2,C1,1,1,10
drymocallis arguta,1,G4,1,1,10
drymocallis arguta,3,B15,1,1,10
drymocallis arguta,3,G3,1,1,10
echinacea pallida,10,E2,1,1,10
echinacea pallida,8,I3,1,1,10
echinacea purpurea,5,A8,1,1,10
eleocharis compressa,5,B17,1,1,9
eleocharis compressa,2,F11,1,1,9
elymus repens,2,A1,0,1,0
elymus repens,5,A25,0,1,0
elymus repens,1,L2,0,1,0
elymus repens,2,H20,0,1,0
elymus repens,1,A3,0,1,0
elymus repens,1,A22,0,1,0
elymus repens,1,A17,0,1,0
elymus repens,1,A12,0,1,0
elymus repens,1,A2,0,1,0
equisetum arvense,1,L10,1,1,0
equisetum arvense,3,H1,1,1,0
equisetum arvense,2,H13,1,1,0
equisetum arvense,1,G15,1,1,0
equisetum arvense,1,H12,1,1,0
equisetum arvense,5,H10,1,1,0
equisetum arvense,2,J12,1,1,0
equisetum arvense,5,I14,1,1,0
equisetum arvense,2,H11,1,1,0
equisetum arvense,2,H14,1,1,0
equisetum arvense,2,L14,1,1,0
equisetum arvense,2,G1,1,1,0
equisetum arvense,5,H15,1,1,0
equisetum arvense,2,I15,1,1,0
erigeron annuus,20,A8,1,1,0
erigeron annuus,3,A16,1,1,0
erigeron annuus,8,A10,1,1,0
erigeron strigosus,10,A10,1,1,5
eryngium yuccifolium,2,J1,1,1,9
eryngium yuccifolium,20,D7,1,1,9
eryngium yuccifolium,10,B8,1,1,9
eryngium yuccifolium,5,G15,1,1,9
eryngium yuccifolium,10,H2,1,1,9
eryngium yuccifolium,8,E2,1,1,9
eryngium yuccifolium,8,H10,1,1,9
eryngium yuccifolium,2,I6,1,1,9
eryngium yuccifolium,1,C8,1,1,9
eryngium yuccifolium,5,D14,1,1,9
eryngium yuccifolium,3,B12,1,1,9
eryngium yuccifolium,10,C3,1,1,9
eryngium yuccifolium,5,D2,1,1,9
eryngium yuccifolium,30,J2,1,1,9
eryngium yuccifolium,5,B2,1,1,9
eryngium yuccifolium,3,I3,1,1,9
eryngium yuccifolium,10,D5,1,1,9
eryngium yuccifolium,30,D11,1,1,9
eryngium yuccifolium,3,C18,1,1,9
eryngium yuccifolium,5,F14,1,1,9
eryngium yuccifolium,10,I1,1,1,9
eryngium yuccifolium,5,B3,1,1,9
eryngium yuccifolium,5,C2,1,1,9
eryngium yuccifolium,10,H11,1,1,9
eryngium yuccifolium,1,B19,1,1,9
eryngium yuccifolium,2,E13,1,1,9
eryngium yuccifolium,3,C7,1,1,9
eryngium yuccifolium,2,F3,1,1,9
eryngium yuccifolium,25,F13,1,1,9
eryngium yuccifolium,20,B21,1,1,9
eryngium yuccifolium,5,D3,1,1,9
eryngium yuccifolium,15,E12,1,1,9
eryngium yuccifolium,2,G5,1,1,9
eryngium yuccifolium,3,E7,1,1,9
eryngium yuccifolium,3,J9,1,1,9
eryngium yuccifolium,8,C6,1,1,9
eryngium yuccifolium,2,E15,1,1,9
eryngium yuccifolium,3,D6,1,1,9
eryngium yuccifolium,5,D1,1,1,9
eryngium yuccifolium,5,H1,1,1,9
eryngium yuccifolium,5,I10,1,1,9
eryngium yuccifolium,2,I5,1,1,9
eryngium yuccifolium,10,F11,1,1,9
eryngium yuccifolium,25,D13,1,1,9
eryngium yuccifolium,5,G8,1,1,9
eryngium yuccifolium,2,G1,1,1,9
eryngium yuccifolium,5,F4,1,1,9
eryngium yuccifolium,2,F2,1,1,9
eryngium yuccifolium,10,B18,1,1,9
eryngium yuccifolium,10,C16,1,1,9
eryngium yuccifolium,5,D15,1,1,9
eryngium yuccifolium,3,E14,1,1,9
eryngium yuccifolium,10,E11,1,1,9
eryngium yuccifolium,30,F5,1,1,9
eryngium yuccifolium,5,D12,1,1,9
eryngium yuccifolium,5,B1,1,1,9
eryngium yuccifolium,10,C1,1,1,9
eryngium yuccifolium,2,J6,1,1,9
eryngium yuccifolium,3,G3,1,1,9
eryngium yuccifolium,2,J10,1,1,9
eryngium yuccifolium,5,J5,1,1,9
eryngium yuccifolium,15,I4,1,1,9
eryngium yuccifolium,20,J4,1,1,9
eryngium yuccifolium,3,C13,1,1,9
eryngium yuccifolium,10,H3,1,1,9
eryngium yuccifolium,5,C11,1,1,9
eryngium yuccifolium,1,G2,1,1,9
eryngium yuccifolium,3,C5,1,1,9
eryngium yuccifolium,15,G4,1,1,9
eryngium yuccifolium,8,E3,1,1,9
eryngium yuccifolium,2,I9,1,1,9
eupatorium altissimum,3,J2,1,1,0
eupatorium altissimum,1,K17,1,1,0
eupatorium altissimum,3,I2,1,1,0
eupatorium altissimum,5,B16,1,1,0
eupatorium altissimum,5,C20,1,1,0
eupatorium altissimum,1,H13,1,1,0
eupatorium altissimum,5,B17,1,1,0
eupatorium altissimum,1,I13,1,1,0
eupatorium altissimum,2,D22,1,1,0
eupatorium serotinum,2,L14,1,1,0
eupatorium serotinum,1,L13,1,1,0
eupatorium serotinum,1,L8,1,1,0
eupatorium serotinum,1,L4,1,1,0
eupatorium serotinum,1,L5,1,1,0
eupatorium serotinum,1,L7,1,1,0
euthamia graminifolia,10,H15,1,1,4
euthamia graminifolia,20,K17,1,1,4
euthamia graminifolia,5,G19,1,1,4
euthamia gymnospermoides,3,J11,1,1,4
euthamia gymnospermoides,3,J8,1,1,4
euthamia gymnospermoides,8,I8,1,1,4
euthamia gymnospermoides,20,I12,1,1,4
fallopia convolvulus,3,A1,0,1,0
fragaria virginiana,1,D16,1,1,0
fragaria virginiana,5,E16,1,1,0
fragaria virginiana,2,B7,1,1,0
fragaria virginiana,1,J4,1,1,0
fragaria virginiana,1,H6,1,1,0
fragaria virginiana,1,B3,1,1,0
fragaria virginiana,1,H19,1,1,0
fragaria virginiana,3,G19,1,1,0
fragaria virginiana,1,D2,1,1,0
fragaria virginiana,8,B21,1,1,0
fragaria virginiana,2,G11,1,1,0
fragaria virginiana,2,I7,1,1,0
fragaria virginiana,1,E7,1,1,0
fragaria virginiana,3,G7,1,1,0
fragaria virginiana,5,C6,1,1,0
fragaria virginiana,1,D15,1,1,0
fragaria virginiana,25,F13,1,1,0
fragaria virginiana,1,H8,1,1,0
fragaria virginiana,3,C16,1,1,0
fragaria virginiana,1,F4,1,1,0
fragaria virginiana,1,A2,1,1,0
fragaria virginiana,2,D7,1,1,0
fragaria virginiana,1,F14,1,1,0
fragaria virginiana,1,E1,1,1,0
fragaria virginiana,1,B18,1,1,0
fragaria virginiana,1,A22,1,1,0
fragaria virginiana,2,D12,1,1,0
fragaria virginiana,3,F3,1,1,0
fragaria virginiana,5,J12,1,1,0
fragaria virginiana,5,I13,1,1,0
fragaria virginiana,1,G1,1,1,0
fragaria virginiana,3,C8,1,1,0
fragaria virginiana,2,D11,1,1,0
fragaria virginiana,3,L5,1,1,0
fragaria virginiana,1,E13,1,1,0
fragaria virginiana,1,D5,1,1,0
fragaria virginiana,1,E5,1,1,0
fragaria virginiana,3,C3,1,1,0
fragaria virginiana,2,A18,1,1,0
fragaria virginiana,1,C24,1,1,0
fragaria virginiana,2,H3,1,1,0
fragaria virginiana,1,E2,1,1,0
fragaria virginiana,5,B23,1,1,0
fragaria virginiana,1,J8,1,1,0
fragaria virginiana,3,J7,1,1,0
fragaria virginiana,2,B16,1,1,0
fragaria virginiana,2,B19,1,1,0
fragaria virginiana,1,G4,1,1,0
fragaria virginiana,2,H15,1,1,0
fragaria virginiana,10,A10,1,1,0
fragaria virginiana,3,G10,1,1,0
fragaria virginiana,1,D8,1,1,0
fragaria virginiana,2,C4,1,1,0
fragaria virginiana,3,B22,1,1,0
fragaria virginiana,20,E11,1,1,0
fragaria virginiana,2,J6,1,1,0
fragaria virginiana,5,B13,1,1,0
fragaria virginiana,1,L2,1,1,0
fragaria virginiana,1,J3,1,1,0
fragaria virginiana,2,J5,1,1,0
fragaria virginiana,1,D6,1,1,0
fragaria virginiana,1,E15,1,1,0
fragaria virginiana,5,C13,1,1,0
fragaria virginiana,1,I4,1,1,0
fragaria virginiana,2,J11,1,1,0
fragaria virginiana,1,F5,1,1,0
fragaria virginiana,5,B6,1,1,0
fragaria virginiana,8,B24,1,1,0
fragaria virginiana,2,K7,1,1,0
fragaria virginiana,10,D23,1,1,0
fragaria virginiana,3,G3,1,1,0
fragaria virginiana,5,K4,1,1,0
fragaria virginiana,1,E17,1,1,0
fragaria virginiana,1,C5,1,1,0
fragaria virginiana,2,A24,1,1,0
fragaria virginiana,3,E12,1,1,0
fragaria virginiana,3,G5,1,1,0
fragaria virginiana,1,J1,1,1,0
fragaria virginiana,5,D13,1,1,0
fragaria virginiana,1,E3,1,1,0
fragaria virginiana,1,H4,1,1,0
fragaria virginiana,1,L3,1,1,0
galium obtusum,1,E6,1,1,5
galium obtusum,2,F7,1,1,5
galium obtusum,1,G13,1,1,5
galium obtusum,3,C10,1,1,5
galium obtusum,2,I11,1,1,5
galium obtusum,3,D4,1,1,5
galium obtusum,3,B15,1,1,5
galium obtusum,1,I2,1,1,5
galium obtusum,2,B14,1,1,5
galium obtusum,3,D10,1,1,5
galium obtusum,1,G10,1,1,5
galium obtusum,5,G11,1,1,5
galium obtusum,2,E10,1,1,5
galium obtusum,2,F12,1,1,5
galium obtusum,1,E8,1,1,5
galium obtusum,1,E4,1,1,5
galium obtusum,1,G15,1,1,5
galium obtusum,1,G6,1,1,5
galium obtusum,2,H8,1,1,5
galium obtusum,3,C19,1,1,5
galium obtusum,1,F fence,1,1,5
galium obtusum,2,D5,1,1,5
galium obtusum,3,J1,1,1,5
galium obtusum,3,E5,1,1,5
galium obtusum,1,F17,1,1,5
galium obtusum,2,B10,1,1,5
galium obtusum,2,C17,1,1,5
galium obtusum,1,F9,1,1,5
galium obtusum,1,D17,1,1,5
galium obtusum,3,F6,1,1,5
galium obtusum,5,C20,1,1,5
galium obtusum,2,F5,1,1,5
galium obtusum,1,D12,1,1,5
galium obtusum,1,J2,1,1,5
galium obtusum,1,H2,1,1,5
galium obtusum,1,F13,1,1,5
galium obtusum,2,K4,1,1,5
galium obtusum,1,J8,1,1,5
galium obtusum,8,G12,1,1,5
gentiana puberulenta,2,F8,1,1,10
gentiana puberulenta,8,E7,1,1,10
gentiana puberulenta,2,F7,1,1,10
gentiana puberulenta,2,F3,1,1,10
gentiana puberulenta,2,C6,1,1,10
gentiana puberulenta,2,F4,1,1,10
gentiana puberulenta,2,C7,1,1,10
gentiana puberulenta,1,G5,1,1,10
gentiana puberulenta,2,E13,1,1,10
geum aleppicum,15,L7,1,1,3
geum aleppicum,3,L13,1,1,3
geum aleppicum,3,F13,1,1,3
geum aleppicum,5,E5,1,1,3
geum aleppicum,40,A5,1,1,3
geum aleppicum,15,K3,1,1,3
geum aleppicum,5,A11,1,1,3
geum aleppicum,10,L16,1,1,3
geum aleppicum,8,B15,1,1,3
geum aleppicum,1,B8,1,1,3
geum aleppicum,1,H12,1,1,3
geum aleppicum,15,A10,1,1,3
geum aleppicum,1,H2,1,1,3
geum aleppicum,3,G12,1,1,3
geum aleppicum,5,L12,1,1,3
geum aleppicum,25,L4,1,1,3
geum aleppicum,1,L6,1,1,3
geum aleppicum,1,C4,1,1,3
geum aleppicum,5,H5,1,1,3
geum aleppicum,10,F19,1,1,3
geum aleppicum,3,C14,1,1,3
geum aleppicum,1,E7,1,1,3
geum aleppicum,3,G20,1,1,3
geum aleppicum,2,F12,1,1,3
geum aleppicum,2,L17,1,1,3
geum aleppicum,3,J12,1,1,3
geum aleppicum,1,A6,1,1,3
geum aleppicum,5,D7,1,1,3
geum aleppicum,75,L11,1,1,3
geum aleppicum,1,F4,1,1,3
geum aleppicum,1,K2,1,1,3
geum aleppicum,2,B22,1,1,3
geum aleppicum,10,L2,1,1,3
geum aleppicum,5,F21,1,1,3
geum aleppicum,2,F18,1,1,3
geum aleppicum,1,J13,1,1,3
geum aleppicum,5,F7,1,1,3
geum aleppicum,1,K1,1,1,3
geum aleppicum,5,D4,1,1,3
geum aleppicum,5,B21,1,1,3
geum aleppicum,10,L14,1,1,3
geum aleppicum,8,C13,1,1,3
geum aleppicum,5,D11,1,1,3
geum aleppicum,25,L10,1,1,3
geum aleppicum,3,E22,1,1,3
geum aleppicum,20,G13,1,1,3
geum aleppicum,1,C7,1,1,3
geum aleppicum,10,A13,1,1,3
geum aleppicum,20,C12,1,1,3
geum aleppicum,20,A8,1,1,3
geum aleppicum,3,J1,1,1,3
geum aleppicum,5,L3,1,1,3
geum aleppicum,3,A25,1,1,3
geum aleppicum,3,F6,1,1,3
geum canadense,8,A9,1,1,1
geum canadense,3,A19,1,1,1
geum canadense,3,A23,1,1,1
glechoma hederacea,2,A8,0,1,0
glechoma hederacea,3,A4,0,1,0
glechoma hederacea,5,A9,0,1,0
glechoma hederacea,25,A5,0,1,0
glechoma hederacea,5,A13,0,1,0
glechoma hederacea,2,A6,0,1,0
glyceria striata,2,L4,1,1,4
glyceria striata,80,L3,1,1,4
helianthus grosseserratus,8,A22,1,1,4
helianthus grosseserratus,120,K4,1,1,4
helianthus grosseserratus,15,A8,1,1,4
helianthus grosseserratus,15,B19,1,1,4
helianthus grosseserratus,10,F18,1,1,4
helianthus grosseserratus,10,D22,1,1,4
helianthus grosseserratus,30,A17,1,1,4
helianthus grosseserratus,3,F12,1,1,4
helianthus grosseserratus,1,G20,1,1,4
helianthus grosseserratus,3,A7,1,1,4
helianthus grosseserratus,150,K13,1,1,4
helianthus grosseserratus,75,B17,1,1,4
helianthus grosseserratus,2,F16,1,1,4
helianthus grosseserratus,10,A6,1,1,4
helianthus grosseserratus,80,J13,1,1,4
helianthus grosseserratus,60,I15,1,1,4
helianthus grosseserratus,20,B14,1,1,4
helianthus grosseserratus,40,D23,1,1,4
helianthus grosseserratus,1,L12,1,1,4
helianthus grosseserratus,2,H12,1,1,4
helianthus grosseserratus,3,G13,1,1,4
helianthus grosseserratus,100,G12,1,1,4
helianthus grosseserratus,30,L15,1,1,4
helianthus grosseserratus,25,L17,1,1,4
helianthus grosseserratus,8,H13,1,1,4
helianthus grosseserratus,5,F19,1,1,4
helianthus grosseserratus,15,K10,1,1,4
helianthus grosseserratus,5,A15,1,1,4
helianthus grosseserratus,10,A14,1,1,4
helianthus grosseserratus,15,A12,1,1,4
helianthus grosseserratus,30,K1,1,1,4
helianthus grosseserratus,5,E18,1,1,4
helianthus grosseserratus,120,K12,1,1,4
helianthus grosseserratus,50,B18,1,1,4
helianthus grosseserratus,20,I13,1,1,4
helianthus grosseserratus,15,B12,1,1,4
helianthus grosseserratus,1,G19,1,1,4
helianthus grosseserratus,2,H11,1,1,4
helianthus grosseserratus,1,J11,1,1,4
helianthus grosseserratus,8,J2,1,1,4
helianthus grosseserratus,10,J12,1,1,4
helianthus grosseserratus,20,J1,1,1,4
helianthus grosseserratus,20,G10,1,1,4
helianthus grosseserratus,30,A19,1,1,4
helianthus grosseserratus,80,B13,1,1,4
helianthus grosseserratus,1,C7,1,1,4
helianthus grosseserratus,30,B11,1,1,4
helianthus grosseserratus,40,A5,1,1,4
helianthus grosseserratus,15,F21,1,1,4
helianthus grosseserratus,2,B21,1,1,4
helianthus pauciflorus,1,A3,1,1,9
helianthus pauciflorus,1,C2,1,1,9
helianthus pauciflorus,2,B2,1,1,9
helianthus pauciflorus,5,B1,1,1,9
helianthus pauciflorus,25,A2,1,1,9
heserostipa spartea,1,B1,1,1,8
heserostipa spartea,1,C1,1,1,8
heserostipa spartea,1,H1,1,1,8
heserostipa spartea,2,G4,1,1,8
heserostipa spartea,5,E1,1,1,8
heserostipa spartea,1,D2,1,1,8
heserostipa spartea,1,B3,1,1,8
heserostipa spartea,2,D1,1,1,8
heserostipa spartea,1,B2,1,1,8
heserostipa spartea,1,H14,1,1,8
hieracium caespitosum,1,L7,0,1,0
hypericum perforatum,1,E12,0,1,0
hypericum perforatum,3,E16,0,1,0
hypericum perforatum,5,L13,0,1,0
hypericum perforatum,2,F12,0,1,0
juncus balticus ssp. littoralis,1,B8,1,1,2
juncus balticus ssp. littoralis,2,D19,1,1,2
juncus dudleyi,1,F11,1,1,2
juniperus virginiana,1,L16,1,1,0
lactuca serriola,2,A23,0,1,0
lactuca serriola,3,A3,0,1,0
lactuca serriola,1,L9,0,1,0
lactuca serriola,10,L16,0,1,0
lepidium campestre,1,L1,0,1,0
leucanthemum vulgare,1,J9,0,1,0
leucanthemum vulgare,1,J10,0,1,0
leucanthemum vulgare,1,J11,0,1,0
leucanthemum vulgare,1,G15,0,1,0
leucanthemum vulgare,1,I10,0,1,0
liatris aspera,1,I6,1,1,8
liatris aspera,3,F14,1,1,8
liatris aspera,3,D14,1,1,8
liatris aspera,8,D1,1,1,8
liatris aspera,3,D2,1,1,8
liatris aspera,10,E1,1,1,8
liatris aspera,3,H1,1,1,8
liatris aspera,3,I5,1,1,8
liatris aspera,2,G1,1,1,8
liatris aspera,5,H5,1,1,8
liatris aspera,5,I7,1,1,8
liatris aspera,15,B18,1,1,8
liatris aspera,5,D6,1,1,8
liatris aspera,10,E2,1,1,8
liatris aspera,2,G16,1,1,8
liatris aspera,8,G15,1,1,8
liatris aspera,2,F4,1,1,8
liatris aspera,1,E16,1,1,8
liatris aspera,2,E14,1,1,8
liatris aspera,2,F3,1,1,8
liatris aspera,10,E13,1,1,8
liatris aspera,2,I4,1,1,8
liatris aspera,8,B2,1,1,8
liatris aspera,1,E12,1,1,8
liatris aspera,5,I9,1,1,8
liatris aspera,3,G2,1,1,8
liatris aspera,1,C2,1,1,8
liatris aspera,1,H10,1,1,8
liatris aspera,3,H9,1,1,8
liatris aspera,5,G4,1,1,8
liatris aspera,3,G8,1,1,8
liatris aspera,8,B1,1,1,8
liatris aspera,1,H14,1,1,8
liatris aspera,3,J8,1,1,8
liatris aspera,1,G5,1,1,8
liatris aspera,8,J5,1,1,8
liatris aspera,5,C1,1,1,8
liatris aspera,2,E3,1,1,8
liatris aspera,3,H7,1,1,8
liatris aspera,3,F2,1,1,8
liatris aspera,5,G6,1,1,8
liatris aspera,5,J6,1,1,8
liatris aspera,1,J10,1,1,8
liatris spicata,5,D7,1,1,7
liatris spicata,15,F11,1,1,7
liatris spicata,5,H2,1,1,7
liatris spicata,10,E7,1,1,7
liatris spicata,2,B8,1,1,7
liatris spicata,8,E6,1,1,7
liatris spicata,3,G1,1,1,7
liatris spicata,3,C6,1,1,7
liatris spicata,2,J10,1,1,7
liatris spicata,20,J9,1,1,7
liatris spicata,1,F5,1,1,7
liatris spicata,2,C17,1,1,7
liatris spicata,2,H1,1,1,7
liatris spicata,5,C7,1,1,7
lithospermum canescens,8,B3,1,1,8
lithospermum canescens,5,F14,1,1,8
lithospermum canescens,8,D7,1,1,8
lithospermum canescens,2,D12,1,1,8
lithospermum canescens,3,E15,1,1,8
lithospermum canescens,3,D6,1,1,8
lithospermum canescens,2,D16,1,1,8
lithospermum canescens,1,H2,1,1,8
lithospermum canescens,3,B1,1,1,8
lithospermum canescens,2,D15,1,1,8
lithospermum canescens,1,B2,1,1,8
lithospermum canescens,2,F2,1,1,8
lithospermum canescens,1,I10,1,1,8
lithospermum canescens,1,G2,1,1,8
lithospermum canescens,3,E14,1,1,8
lithospermum canescens,2,C7,1,1,8
lithospermum canescens,2,C2,1,1,8
lithospermum canescens,1,G16,1,1,8
lithospermum canescens,1,H9,1,1,8
lithospermum canescens,1,J4,1,1,8
lithospermum canescens,3,H3,1,1,8
lithospermum canescens,2,C6,1,1,8
lithospermum canescens,3,G1,1,1,8
lycopus americanus,3,F12,1,1,4
lycopus americanus,2,E5,1,1,4
lycopus americanus,1,F6,1,1,4
lycopus americanus,1,D8,1,1,4
lycopus americanus,1,D18,1,1,4
lycopus americanus,1,E18,1,1,4
lycopus americanus,5,C9,1,1,4
lycopus americanus,70,E22,1,1,4
lycopus americanus,2,E9,1,1,4
lycopus americanus,2,K1,1,1,4
lycopus americanus,1,D17,1,1,4
lycopus americanus,1,D19,1,1,4
lycopus americanus,1,D21,1,1,4
lycopus americanus,1,C19,1,1,4
lycopus americanus,1,F13,1,1,4
lycopus americanus,1,E8,1,1,4
lycopus americanus,1,K4,1,1,4
lycopus americanus,3,D22,1,1,4
lycopus americanus,1,F9,1,1,4
lycopus americanus,10,G13,1,1,4
lycopus americanus,1,C17,1,1,4
lythrum alatum,60,D20,1,1,7
lythrum alatum,10,G12,1,1,7
lythrum alatum,5,F12,1,1,7
lythrum alatum,3,D19,1,1,7
lythrum alatum,25,D18,1,1,7
lythrum alatum,3,D9,1,1,7
lythrum alatum,3,E8,1,1,7
lythrum alatum,2,E5,1,1,7
maianthemum stellatum,1,E11,1,1,5
maianthemum stellatum,1,J10,1,1,5
maianthemum stellatum,1,D14,1,1,5
maianthemum stellatum,2,H12,1,1,5
maianthemum stellatum,1,J7,1,1,5
maianthemum stellatum,1,E2,1,1,5
maianthemum stellatum,2,L6,1,1,5
maianthemum stellatum,1,K5,1,1,5
maianthemum stellatum,1,K6,1,1,5
maianthemum stellatum,1,G7,1,1,5
maianthemum stellatum,1,J5,1,1,5
maianthemum stellatum,5,G19,1,1,5
maianthemum stellatum,2,F2,1,1,5
maianthemum stellatum,30,E18,1,1,5
maianthemum stellatum,10,K7,1,1,5
maianthemum stellatum,5,F19,1,1,5
maianthemum stellatum,1,G21,1,1,5
maianthemum stellatum,2,J8,1,1,5
maianthemum stellatum,2,F18,1,1,5
maianthemum stellatum,2,C12,1,1,5
maianthemum stellatum,2,G20,1,1,5
maianthemum stellatum,1,C13,1,1,5
maianthemum stellatum,1,F21,1,1,5
maianthemum stellatum,5,K10,1,1,5
maianthemum stellatum,90,B7,1,1,5
maianthemum stellatum,1,E17,1,1,5
monarda fistulosa,2,J10,1,1,4
monarda fistulosa,5,I8,1,1,4
monarda fistulosa,25,H6,1,1,4
monarda fistulosa,10,I6,1,1,4
monarda fistulosa,25,B21,1,1,4
monarda fistulosa,8,J4,1,1,4
monarda fistulosa,2,I4,1,1,4
monarda fistulosa,3,B5,1,1,4
monarda fistulosa,5,J9,1,1,4
monarda fistulosa,1,H5,1,1,4
monarda fistulosa,3,J8,1,1,4
monarda fistulosa,3,B18,1,1,4
monarda fistulosa,3,K5,1,1,4
monarda fistulosa,25,I7,1,1,4
monarda fistulosa,5,J6,1,1,4
monarda fistulosa,2,G14,1,1,4
monarda fistulosa,2,J7,1,1,4
monarda fistulosa,2,B19,1,1,4
monarda fistulosa,3,J11,1,1,4
nepeta cataria,8,L17,0,1,0
nepeta cataria,2,A3,0,1,0
nepeta cataria,10,A11,0,1,0
oenothera biennis,1,C8,1,1,0
oenothera biennis,20,A25,1,1,0
oenothera biennis,8,L13,1,1,0
oenothera biennis,1,L8,1,1,0
oenothera biennis,5,A8,1,1,0
oenothera biennis,1,L7,1,1,0
oxalis stricta,3,A11,1,1,0
oxalis stricta,1,L16,1,1,0
packera aurea,2,B17,1,1,8
packera aurea,2,F11,1,1,8
packera aurea,20,E5,1,1,8
packera aurea,5,E6,1,1,8
packera aurea,5,D8,1,1,8
packera aurea,1,C14,1,1,8
packera aurea,2,K4,1,1,8
packera aurea,1,C16,1,1,8
packera aurea,1,E10,1,1,8
packera aurea,1,D4,1,1,8
packera aurea,8,G2,1,1,8
panicum virgatum,3,H13,1,1,3
panicum virgatum,2,C18,1,1,3
panicum virgatum,8,I2,1,1,3
panicum virgatum,2,K17,1,1,3
panicum virgatum,3,K2,1,1,3
parthenium integrifolium,50,F4,1,1,8
parthenium integrifolium,15,D14,1,1,8
parthenium integrifolium,20,G9,1,1,8
parthenium integrifolium,3,C6,1,1,8
parthenium integrifolium,15,I7,1,1,8
parthenium integrifolium,3,E13,1,1,8
parthenium integrifolium,5,D11,1,1,8
parthenium integrifolium,30,E14,1,1,8
parthenium integrifolium,20,D3,1,1,8
parthenium integrifolium,5,D2,1,1,8
parthenium integrifolium,2,F14,1,1,8
parthenium integrifolium,50,I8,1,1,8
parthenium integrifolium,8,C5,1,1,8
parthenium integrifolium,8,D13,1,1,8
parthenium integrifolium,15,E12,1,1,8
parthenium integrifolium,8,G7,1,1,8
parthenium integrifolium,2,I10,1,1,8
pedicularis canadensis,5,B7,1,1,9
pedicularis canadensis,20,C7,1,1,9
pedicularis canadensis,2,D15,1,1,9
pedicularis canadensis,2,C8,1,1,9
persicaria amphibia,60,F20,1,1,4
persicaria amphibia,3,E18,1,1,4
persicaria amphibia,1,G12,1,1,4
persicaria amphibia,5,A25,1,1,4
persicaria amphibia,25,D19,1,1,4
persicaria amphibia,8,F19,1,1,4
persicaria amphibia,15,E20,1,1,4
persicaria amphibia,5,E22,1,1,4
persicaria amphibia,15,D20,1,1,4
persicaria amphibia,25,E19,1,1,4
persicaria amphibia,20,D21,1,1,4
persicaria amphibia,1,D18,1,1,4
persicaria pensylvanica,1,L2,1,1,0
persicaria pensylvanica,50,L18,1,1,0
persicaria pensylvanica,3,L17,1,1,0
phalaris arundinacea,25,L17,0,1,0
phalaris arundinacea,1,L13,0,1,0
phalaris arundinacea,1,I15,0,1,0
phalaris arundinacea,2,A17,0,1,0
phalaris arundinacea,2,A8,0,1,0
phalaris arundinacea,50,L16,0,1,0
phalaris arundinacea,2,H12,0,1,0
phalaris arundinacea,3,K13,0,1,0
phalaris arundinacea,2,J15,0,1,0
phalaris arundinacea,1,A18,0,1,0
phalaris arundinacea,5,A6,0,1,0
phalaris arundinacea,120,L15,0,1,0
phalaris arundinacea,15,A5,0,1,0
phalaris arundinacea,8,K17,0,1,0
phlox pilosa ssp. fulgida,1,B2,1,1,8
phlox pilosa ssp. fulgida,2,E3,1,1,8
phlox pilosa ssp. fulgida,2,J9,1,1,8
phlox pilosa ssp. fulgida,1,E1,1,1,8
physalis longifolia,2,G3,1,1,0
physalis longifolia,2,E11,1,1,0
poa pratensis,1,J18,0,1,0
poa pratensis,1,A10,0,1,0
poa pratensis,1,B8,0,1,0
poa pratensis,1,I8,0,1,0
poa pratensis,2,I10,0,1,0
poa pratensis,1,J19,0,1,0
poa pratensis,1,B2,0,1,0
poa pratensis,1,G21,0,1,0
poa pratensis,3,H15,0,1,0
poa pratensis,1,H11,0,1,0
poa pratensis,1,B23,0,1,0
poa pratensis,1,F17,0,1,0
poa pratensis,1,F2,0,1,0
poa pratensis,5,H20,0,1,0
poa pratensis,1,B1,0,1,0
poa pratensis,5,A8,0,1,0
poa pratensis,1,J6,0,1,0
poa pratensis,2,B3,0,1,0
poa pratensis,1,J5,0,1,0
poa pratensis,1,I15,0,1,0
poa pratensis,1,G19,0,1,0
poa pratensis,40,A18,0,1,0
poa pratensis,1,K1,0,1,0
poa pratensis,1,G20,0,1,0
poa pratensis,1,A1,0,1,0
poa pratensis,1,B24,0,1,0
poa pratensis,1,J10,0,1,0
poa pratensis,1,H5,0,1,0
poa pratensis,50,A12,0,1,0
poa pratensis,5,A23,0,1,0
poa pratensis,1,H19,0,1,0
poa pratensis,1,H16,0,1,0
poa pratensis,1,D2,0,1,0
poa pratensis,1,I6,0,1,0
poa pratensis,1,F1,0,1,0
poa pratensis,1,G14,0,1,0
poa pratensis,1,B22,0,1,0
poa pratensis,1,J9,0,1,0
poa pratensis,2,I4,0,1,0
poa pratensis,1,D23,0,1,0
poa pratensis,75,A2,0,1,0
poa pratensis,1,I13,0,1,0
poa pratensis,1,E2,0,1,0
poa pratensis,2,B5,0,1,0
poa pratensis,2,B6,0,1,0
poa pratensis,1,I1,0,1,0
poa pratensis,1,J4,0,1,0
poa pratensis,1,G15,0,1,0
poa pratensis,1,A24,0,1,0
poa pratensis,10,A9,0,1,0
poa pratensis,1,F16,0,1,0
poa pratensis,1,D7,0,1,0
poa pratensis,3,A20,0,1,0
poa pratensis,1,E14,0,1,0
poa pratensis,1,H13,0,1,0
poa pratensis,1,B11,0,1,0
poa pratensis,1,I5,0,1,0
poa pratensis,1,L3,0,1,0
poa pratensis,1,F3,0,1,0
potentilla norvegica,10,A8,1,1,0
potentilla simplex,60,A9,1,1,3
potentilla simplex,1,J9,1,1,3
potentilla simplex,2,F2,1,1,3
potentilla simplex,50,A4,1,1,3
potentilla simplex,5,A10,1,1,3
potentilla simplex,2,A7,1,1,3
potentilla simplex,25,A22,1,1,3
potentilla simplex,1,B14,1,1,3
prunella vulgaris ssp. lanceolata,15,L4,1,1,1
prunella vulgaris ssp. lanceolata,1,C15,1,1,1
prunella vulgaris ssp. lanceolata,15,A5,1,1,1
prunella vulgaris ssp. lanceolata,5,L11,1,1,1
prunella vulgaris ssp. lanceolata,1,E12,1,1,1
prunella vulgaris ssp. lanceolata,1,A22,1,1,1
prunella vulgaris ssp. lanceolata,1,L5,1,1,1
prunella vulgaris ssp. lanceolata,1,E3,1,1,1
prunella vulgaris ssp. lanceolata,3,A21,1,1,1
prunella vulgaris ssp. lanceolata,1,E11,1,1,1
pycnanthemum virginianum,15,E10,1,1,5
pycnanthemum virginianum,2,E7,1,1,5
pycnanthemum virginianum,2,F18,1,1,5
pycnanthemum virginianum,10,C15,1,1,5
pycnanthemum virginianum,8,G11,1,1,5
pycnanthemum virginianum,20,C21,1,1,5
pycnanthemum virginianum,15,D8,1,1,5
pycnanthemum virginianum,3,B18,1,1,5
pycnanthemum virginianum,8,B17,1,1,5
pycnanthemum virginianum,1,G14,1,1,5
pycnanthemum virginianum,40,B16,1,1,5
pycnanthemum virginianum,3,D5,1,1,5
pycnanthemum virginianum,10,F11,1,1,5
pycnanthemum virginianum,25,E6,1,1,5
pycnanthemum virginianum,50,I11,1,1,5
pycnanthemum virginianum,8,F7,1,1,5
pycnanthemum virginianum,5,D3,1,1,5
pycnanthemum virginianum,15,K7,1,1,5
pycnanthemum virginianum,80,J3,1,1,5
pycnanthemum virginianum,1,D2,1,1,5
pycnanthemum virginianum,3,C16,1,1,5
pycnanthemum virginianum,5,E17,1,1,5
pycnanthemum virginianum,2,D13,1,1,5
pycnanthemum virginianum,5,F13,1,1,5
pycnanthemum virginianum,5,B12,1,1,5
pycnanthemum virginianum,3,D9,1,1,5
pycnanthemum virginianum,3,I1,1,1,5
pycnanthemum virginianum,5,E16,1,1,5
pycnanthemum virginianum,30,K5,1,1,5
pycnanthemum virginianum,8,F5,1,1,5
pycnanthemum virginianum,10,K12,1,1,5
pycnanthemum virginianum,25,C11,1,1,5
pycnanthemum virginianum,40,D10,1,1,5
pycnanthemum virginianum,15,G10,1,1,5
pycnanthemum virginianum,20,D4,1,1,5
pycnanthemum virginianum,30,C18,1,1,5
pycnanthemum virginianum,15,E5,1,1,5
pycnanthemum virginianum,20,B14,1,1,5
pycnanthemum virginianum,15,K4,1,1,5
pycnanthemum virginianum,8,C14,1,1,5
pycnanthemum virginianum,8,C12,1,1,5
pycnanthemum virginianum,20,F10,1,1,5
pycnanthemum virginianum,80,F8,1,1,5
pycnanthemum virginianum,10,C8,1,1,5
pycnanthemum virginianum,5,B4,1,1,5
pycnanthemum virginianum,2,E4,1,1,5
pycnanthemum virginianum,15,K6,1,1,5
pycnanthemum virginianum,3,F6,1,1,5
pycnanthemum virginianum,1,G9,1,1,5
pycnanthemum virginianum,3,C17,1,1,5
pycnanthemum virginianum,3,C13,1,1,5
pycnanthemum virginianum,3,C20,1,1,5
pycnanthemum virginianum,30,C4,1,1,5
ratibida pinnata,1,H9,1,1,4
ratibida pinnata,3,F15,1,1,4
ratibida pinnata,5,G1,1,1,4
ratibida pinnata,3,F2,1,1,4
ratibida pinnata,3,H14,1,1,4
ratibida pinnata,5,G10,1,1,4
ratibida pinnata,30,A25,1,1,4
ratibida pinnata,2,H16,1,1,4
ratibida pinnata,3,E2,1,1,4
ratibida pinnata,3,I2,1,1,4
ratibida pinnata,3,I13,1,1,4
ratibida pinnata,1,G5,1,1,4
ratibida pinnata,2,H3,1,1,4
ratibida pinnata,8,K13,1,1,4
ratibida pinnata,1,F4,1,1,4
ratibida pinnata,10,G14,1,1,4
ratibida pinnata,1,D6,1,1,4
ratibida pinnata,8,B3,1,1,4
ratibida pinnata,5,A12,1,1,4
ratibida pinnata,5,D16,1,1,4
ratibida pinnata,50,A23,1,1,4
ratibida pinnata,3,J11,1,1,4
ratibida pinnata,2,E1,1,1,4
ratibida pinnata,1,I9,1,1,4
ratibida pinnata,2,G2,1,1,4
ratibida pinnata,5,E3,1,1,4
ratibida pinnata,5,H13,1,1,4
ratibida pinnata,5,B1,1,1,4
ratibida pinnata,1,A10,1,1,4
ratibida pinnata,1,H7,1,1,4
ratibida pinnata,2,F3,1,1,4
ratibida pinnata,5,I3,1,1,4
ratibida pinnata,1,H4,1,1,4
ratibida pinnata,1,G16,1,1,4
ratibida pinnata,3,H2,1,1,4
ratibida pinnata,1,J8,1,1,4
ratibida pinnata,5,J10,1,1,4
ratibida pinnata,5,F17,1,1,4
ratibida pinnata,1,J6,1,1,4
ratibida pinnata,15,F1,1,1,4
ratibida pinnata,3,C23,1,1,4
ratibida pinnata,3,C2,1,1,4
ratibida pinnata,15,H15,1,1,4
ratibida pinnata,15,H8,1,1,4
ratibida pinnata,1,C24,1,1,4
ratibida pinnata,5,D2,1,1,4
ratibida pinnata,2,D1,1,1,4
ratibida pinnata,3,J9,1,1,4
ratibida pinnata,1,H1,1,1,4
ratibida pinnata,2,H19,1,1,4
ratibida pinnata,2,H11,1,1,4
ratibida pinnata,15,F16,1,1,4
ratibida pinnata,3,C22,1,1,4
ratibida pinnata,8,D15,1,1,4
ratibida pinnata,1,E13,1,1,4
ratibida pinnata,1,E16,1,1,4
ratibida pinnata,8,G15,1,1,4
ratibida pinnata,5,G9,1,1,4
ratibida pinnata,1,C7,1,1,4
ratibida pinnata,3,B2,1,1,4
rhamnus cathartica,10,A11,0,1,0
rhamnus cathartica,15,A15,0,1,0
rhamnus cathartica,1,L8,0,1,0
rhamnus cathartica,5,A12,0,1,0
rhamnus cathartica,1,A9,0,1,0
rhamnus cathartica,1,L18,0,1,0
rhamnus cathartica,1,A4,0,1,0
rhamnus cathartica,1,A2,0,1,0
rhamnus cathartica,75,A19,0,1,0
rhamnus cathartica,15,L9,0,1,0
rhamnus cathartica,8,A7,0,1,0
rhamnus cathartica,20,A14,0,1,0
rhamnus cathartica,2,A6,0,1,0
rhamnus cathartica,1,L14,0,1,0
rhamnus cathartica,15,A18,0,1,0
rhamnus cathartica,1,L7,0,1,0
rhamnus cathartica,8,A3,0,1,0
rhamnus cathartica,2,K7,0,1,0
rhamnus cathartica,2,L16,0,1,0
rorippa palustris,2,E18,1,1,4
rosa carolina,20,H7,1,1,5
rosa carolina,25,A11,1,1,5
rosa carolina,5,E6,1,1,5
rosa carolina,25,E7,1,1,5
rosa carolina,3,C19,1,1,5
rosa carolina,5,B24,1,1,5
rosa carolina,5,F2,1,1,5
rosa carolina,5,I11,1,1,5
rosa carolina,20,H15,1,1,5
rosa carolina,2,I10,1,1,5
rosa carolina,8,F5,1,1,5
rosa carolina,5,C7,1,1,5
rosa carolina,25,K4,1,1,5
rosa carolina,5,K6,1,1,5
rosa carolina,3,B18,1,1,5
rosa carolina,10,D11,1,1,5
rosa carolina,2,C8,1,1,5
rosa carolina,5,E2,1,1,5
rosa carolina,8,K7,1,1,5
rosa carolina,30,H4,1,1,5
rosa carolina,15,B4,1,1,5
rosa carolina,30,F18,1,1,5
rosa carolina,50,K9,1,1,5
rosa carolina,5,D13,1,1,5
rosa carolina,8,E12,1,1,5
rosa carolina,20,B19,1,1,5
rosa carolina,10,G14,1,1,5
rosa carolina,5,J7,1,1,5
rosa carolina,40,I15,1,1,5
rosa carolina,10,G4,1,1,5
rosa carolina,30,I5,1,1,5
rosa carolina,8,J12,1,1,5
rosa carolina,10,H16,1,1,5
rosa carolina,3,F4,1,1,5
rosa carolina,10,G2,1,1,5
rosa carolina,75,I8,1,1,5
rosa carolina,20,C13,1,1,5
rosa carolina,8,K3,1,1,5
rosa carolina,3,C18,1,1,5
rosa carolina,5,D8,1,1,5
rosa carolina,5,L5,1,1,5
rosa carolina,5,C11,1,1,5
rosa carolina,3,B22,1,1,5
rosa carolina,3,D22,1,1,5
rosa carolina,8,F6,1,1,5
rosa carolina,5,D12,1,1,5
rosa carolina,3,C16,1,1,5
rosa carolina,15,J3,1,1,5
rosa carolina,30,A1,1,1,5
rosa carolina,25,D14,1,1,5
rosa carolina,10,B23,1,1,5
rosa carolina,5,C24,1,1,5
rosa carolina,20,E18,1,1,5
rosa carolina,30,D10,1,1,5
rosa carolina,8,A5,1,1,5
rosa carolina,75,G7,1,1,5
rosa carolina,10,F1,1,1,5
rosa carolina,40,J4,1,1,5
rosa carolina,8,C2,1,1,5
rosa carolina,50,I14,1,1,5
rosa carolina,8,G20,1,1,5
rosa carolina,10,B10,1,1,5
rosa carolina,75,H20,1,1,5
rosa carolina,5,C10,1,1,5
rosa carolina,15,J8,1,1,5
rosa carolina,20,K5,1,1,5
rosa carolina,15,H6,1,1,5
rosa carolina,30,H8,1,1,5
rosa carolina,25,G8,1,1,5
rosa carolina,5,B20,1,1,5
rosa carolina,25,I12,1,1,5
rosa carolina,8,D16,1,1,5
rosa carolina,30,E10,1,1,5
rosa carolina,10,A4,1,1,5
rosa carolina,5,C21,1,1,5
rosa carolina,20,G1,1,1,5
rosa carolina,25,F17,1,1,5
rosa carolina,8,J6,1,1,5
rosa carolina,5,D15,1,1,5
rosa carolina,10,I13,1,1,5
rosa carolina,5,D7,1,1,5
rosa carolina,25,H14,1,1,5
rosa carolina,8,I1,1,1,5
rosa carolina,2,G16,1,1,5
rosa carolina,3,J11,1,1,5
rosa carolina,3,G12,1,1,5
rosa carolina,3,B13,1,1,5
rosa carolina,20,H5,1,1,5
rosa carolina,1,A12,1,1,5
rosa carolina,25,H3,1,1,5
rosa carolina,60,G11,1,1,5
rosa carolina,15,B8,1,1,5
rosa carolina,10,E15,1,1,5
rosa carolina,1,D6,1,1,5
rosa carolina,15,D23,1,1,5
rosa carolina,10,G10,1,1,5
rosa carolina,40,K8,1,1,5
rosa carolina,15,I6,1,1,5
rosa carolina,5,D2,1,1,5
rosa carolina,10,C3,1,1,5
rosa carolina,30,I4,1,1,5
rosa carolina,5,H2,1,1,5
rosa carolina,5,C6,1,1,5
rosa carolina,80,G3,1,1,5
rosa carolina,3,C23,1,1,5
rosa carolina,25,B11,1,1,5
rosa carolina,10,F8,1,1,5
rosa carolina,20,F16,1,1,5
rosa carolina,10,G15,1,1,5
rosa carolina,25,G21,1,1,5
rosa carolina,2,A3,1,1,5
rosa carolina,10,I3,1,1,5
rosa carolina,1,J10,1,1,5
rosa carolina,25,G6,1,1,5
rosa carolina,3,E11,1,1,5
rosa carolina,25,E5,1,1,5
rosa carolina,25,H12,1,1,5
rosa carolina,15,E17,1,1,5
rosa carolina,25,C12,1,1,5
rosa carolina,5,F13,1,1,5
rosa carolina,3,L12,1,1,5
rosa carolina,25,E4,1,1,5
rosa carolina,15,K12,1,1,5
rosa carolina,15,C5,1,1,5
rosa carolina,5,B3,1,1,5
rosa carolina,25,I7,1,1,5
rosa carolina,25,A2,1,1,5
rosa carolina,5,D3,1,1,5
rosa carolina,15,E3,1,1,5
rosa carolina,30,D4,1,1,5
rosa carolina,75,F12,1,1,5
rosa carolina,40,G19,1,1,5
rosa carolina,15,F11,1,1,5
rosa carolina,25,B5,1,1,5
rosa carolina,40,B14,1,1,5
rosa carolina,20,F19,1,1,5
rosa carolina,5,J9,1,1,5
rosa carolina,5,B2,1,1,5
rosa carolina,15,B17,1,1,5
rosa carolina,20,B16,1,1,5
rosa carolina,40,J5,1,1,5
rosa carolina,15,J1,1,1,5
rosa carolina,5,C4,1,1,5
rosa carolina,30,G9,1,1,5
rosa carolina,15,J2,1,1,5
rosa carolina,20,E14,1,1,5
rosa carolina,5,G5,1,1,5
rosa carolina,20,B6,1,1,5
rosa carolina,25,C14,1,1,5
rosa carolina,15,E16,1,1,5
rosa carolina,2,B7,1,1,5
rosa carolina,8,I2,1,1,5
rosa carolina,10,F15,1,1,5
rosa carolina,25,F7,1,1,5
rosa carolina,25,K10,1,1,5
rosa carolina,25,G13,1,1,5
rosa carolina,3,F3,1,1,5
rosa carolina,3,H1,1,1,5
rosa carolina,5,F10,1,1,5
rosa carolina,3,C17,1,1,5
rosa carolina,10,C20,1,1,5
rosa carolina,75,B15,1,1,5
rosa carolina,3,B12,1,1,5
rosa carolina,3,E13,1,1,5
rosa carolina,5,E1,1,1,5
rosa carolina,2,D5,1,1,5
rosa carolina,30,C15,1,1,5
rosa multiflora,20,A24,0,1,0
rubus occidentalis,3,K11,1,1,0
rubus occidentalis,25,E17,1,1,0
rubus occidentalis,5,B20,1,1,0
rubus occidentalis,25,B21,1,1,0
rubus occidentalis,50,K10,1,1,0
rubus occidentalis,10,A1,1,1,0
rudbeckia hirta,1,F12,1,1,1
rudbeckia hirta,1,B18,1,1,1
rudbeckia hirta,1,C11,1,1,1
rudbeckia hirta,2,D13,1,1,1
rudbeckia hirta,3,D15,1,1,1
rudbeckia hirta,1,E12,1,1,1
rudbeckia hirta,3,E11,1,1,1
rudbeckia hirta,3,A17,1,1,1
rudbeckia hirta,1,J10,1,1,1
rudbeckia hirta,1,C15,1,1,1
rudbeckia hirta,2,C8,1,1,1
rudbeckia hirta,1,B11,1,1,1
rudbeckia triloba,5,L17,1,1,1
rudbeckia triloba,1,F7,1,1,1
rudbeckia triloba,1,F13,1,1,1
rumex crispus,2,A10,0,1,0
rumex crispus,2,A6,0,1,0
rumex crispus,2,A18,0,1,0
sambucus nigra ssp. canadensis,1,A8,1,1,4
schedonorus arundinaceus,25,A13,0,1,0
schedonorus arundinaceus,2,D23,0,1,0
schedonorus arundinaceus,1,A24,0,1,0
scutellaria parvula,1,D1,1,1,7
scutellaria parvula,1,F2,1,1,7
senecio hieraciifolius,2,E19,1,1,0
silphium integrifolium,10,J11,1,1,5
silphium integrifolium,5,J5,1,1,5
silphium integrifolium,1,H15,1,1,5
silphium integrifolium,1,H10,1,1,5
silphium integrifolium,160,K10,1,1,5
silphium integrifolium,3,C5,1,1,5
silphium integrifolium,40,J13,1,1,5
silphium integrifolium,8,H3,1,1,5
silphium integrifolium,3,I14,1,1,5
silphium integrifolium,40,K7,1,1,5
silphium integrifolium,75,C22,1,1,5
silphium integrifolium,5,E12,1,1,5
silphium integrifolium,75,H16,1,1,5
silphium integrifolium,5,I3,1,1,5
silphium integrifolium,30,D13,1,1,5
silphium integrifolium,2,J4,1,1,5
silphium integrifolium,30,B5,1,1,5
silphium laciniatum,5,B1,1,1,5
silphium laciniatum,1,J13,1,1,5
silphium laciniatum,3,F7,1,1,5
silphium laciniatum,15,E6,1,1,5
silphium laciniatum,5,F11,1,1,5
silphium laciniatum,10,C3,1,1,5
silphium laciniatum,5,J4,1,1,5
silphium laciniatum,5,H15,1,1,5
silphium laciniatum,40,J5,1,1,5
silphium laciniatum,100,J18,1,1,5
silphium laciniatum,1,K13,1,1,5
silphium laciniatum,40,C11,1,1,5
silphium laciniatum,25,F15,1,1,5
silphium laciniatum,1,F9,1,1,5
silphium laciniatum,15,D16,1,1,5
silphium laciniatum,2,H12,1,1,5
silphium laciniatum,100,B20,1,1,5
silphium laciniatum,2,D17,1,1,5
silphium laciniatum,3,G1,1,1,5
silphium laciniatum,5,H16,1,1,5
silphium laciniatum,1,H11,1,1,5
silphium laciniatum,5,B13,1,1,5
silphium laciniatum,10,C17,1,1,5
silphium laciniatum,40,B22,1,1,5
silphium laciniatum,10,F14,1,1,5
silphium laciniatum,10,C24,1,1,5
silphium laciniatum,5,L13,1,1,5
silphium laciniatum,40,G7,1,1,5
silphium laciniatum,10,G14,1,1,5
silphium laciniatum,150,J16,1,1,5
silphium laciniatum,3,E1,1,1,5
silphium laciniatum,50,G15,1,1,5
silphium laciniatum,1,C16,1,1,5
silphium laciniatum,90,H19,1,1,5
silphium laciniatum,1,A14,1,1,5
silphium laciniatum,5,C23,1,1,5
silphium laciniatum,25,H14,1,1,5
silphium laciniatum,3,D15,1,1,5
silphium laciniatum,10,G19,1,1,5
silphium laciniatum,5,A10,1,1,5
silphium laciniatum,5,J1,1,1,5
silphium laciniatum,10,I1,1,1,5
silphium laciniatum,3,K17,1,1,5
silphium laciniatum,75,K5,1,1,5
silphium laciniatum,1,D1,1,1,5
silphium laciniatum,25,F8,1,1,5
silphium laciniatum,3,F1,1,1,5
silphium laciniatum,75,B17,1,1,5
silphium laciniatum,80,C8,1,1,5
silphium laciniatum,75,F18,1,1,5
silphium laciniatum,40,H5,1,1,5
silphium laciniatum,100,F10,1,1,5
silphium laciniatum,3,C7,1,1,5
silphium laciniatum,2,G16,1,1,5
silphium laciniatum,3,E7,1,1,5
silphium laciniatum,10,F3,1,1,5
silphium laciniatum,5,H1,1,1,5
silphium terebinthinaceum,2,B18,1,1,5
silphium terebinthinaceum,80,K7,1,1,5
silphium terebinthinaceum,3,F4,1,1,5
silphium terebinthinaceum,2,G7,1,1,5
silphium terebinthinaceum,3,B13,1,1,5
silphium terebinthinaceum,8,J8,1,1,5
silphium terebinthinaceum,50,C21,1,1,5
silphium terebinthinaceum,50,C22,1,1,5
silphium terebinthinaceum,30,I10,1,1,5
silphium terebinthinaceum,20,F2,1,1,5
silphium terebinthinaceum,30,G1,1,1,5
silphium terebinthinaceum,50,C4,1,1,5
silphium terebinthinaceum,1,C2,1,1,5
silphium terebinthinaceum,40,B11,1,1,5
silphium terebinthinaceum,25,E15,1,1,5
silphium terebinthinaceum,2,D13,1,1,5
silphium terebinthinaceum,8,F3,1,1,5
silphium terebinthinaceum,80,C12,1,1,5
silphium terebinthinaceum,80,B5,1,1,5
silphium terebinthinaceum,30,C6,1,1,5
silphium terebinthinaceum,30,B19,1,1,5
silphium terebinthinaceum,40,C3,1,1,5
silphium terebinthinaceum,80,D16,1,1,5
silphium terebinthinaceum,50,C13,1,1,5
silphium terebinthinaceum,15,E17,1,1,5
silphium terebinthinaceum,20,E12,1,1,5
silphium terebinthinaceum,75,B4,1,1,5
silphium terebinthinaceum,20,B2,1,1,5
silphium terebinthinaceum,25,C1,1,1,5
silphium terebinthinaceum,80,D15,1,1,5
silphium terebinthinaceum,10,C8,1,1,5
silphium terebinthinaceum,30,C14,1,1,5
silphium terebinthinaceum,15,E7,1,1,5
silphium terebinthinaceum,5,J5,1,1,5
silphium terebinthinaceum,30,B6,1,1,5
silphium terebinthinaceum,3,E3,1,1,5
silphium terebinthinaceum,125,B7,1,1,5
silphium terebinthinaceum,120,B8,1,1,5
silphium terebinthinaceum,50,D11,1,1,5
silphium terebinthinaceum,20,G15,1,1,5
silphium terebinthinaceum,75,C11,1,1,5
silphium terebinthinaceum,50,F18,1,1,5
silphium terebinthinaceum,5,F7,1,1,5
silphium terebinthinaceum,100,D12,1,1,5
silphium terebinthinaceum,5,I1,1,1,5
silphium terebinthinaceum,5,D14,1,1,5
silphium terebinthinaceum,50,E6,1,1,5
silphium terebinthinaceum,30,D6,1,1,5
silphium terebinthinaceum,5,A23,1,1,5
silphium terebinthinaceum,150,C18,1,1,5
silphium terebinthinaceum,25,F14,1,1,5
silphium terebinthinaceum,1,C5,1,1,5
silphium terebinthinaceum,60,E14,1,1,5
silphium terebinthinaceum,110,E11,1,1,5
silphium terebinthinaceum,140,E16,1,1,5
silphium terebinthinaceum,8,E1,1,1,5
silphium terebinthinaceum,15,D3,1,1,5
silphium terebinthinaceum,3,E10,1,1,5
silphium terebinthinaceum,30,C7,1,1,5
silphium terebinthinaceum,50,F10,1,1,5
silphium terebinthinaceum,75,F11,1,1,5
silphium terebinthinaceum,50,C16,1,1,5
silphium terebinthinaceum,75,F15,1,1,5
silphium terebinthinaceum,40,D5,1,1,5
silphium terebinthinaceum,50,D7,1,1,5
silphium terebinthinaceum,75,C24,1,1,5
silphium terebinthinaceum,60,K6,1,1,5
silphium terebinthinaceum,100,B3,1,1,5
sisyrinchium albidum,1,B1,1,1,6
sisyrinchium albidum,1,H7,1,1,6
sisyrinchium albidum,1,H15,1,1,6
sisyrinchium albidum,1,H10,1,1,6
sisyrinchium albidum,1,D2,1,1,6
solanum dulcamara,25,G12,0,1,0
solidago canadensis,180,G20,1,1,1
solidago canadensis,15,A25,1,1,1
solidago canadensis,20,A17,1,1,1
solidago canadensis,2,L13,1,1,1
solidago canadensis,8,B13,1,1,1
solidago canadensis,5,C4,1,1,1
solidago canadensis,20,I15,1,1,1
solidago canadensis,3,D16,1,1,1
solidago canadensis,3,E17,1,1,1
solidago canadensis,40,C14,1,1,1
solidago canadensis,5,B5,1,1,1
solidago canadensis,50,F18,1,1,1
solidago canadensis,20,I13,1,1,1
solidago canadensis,30,G19,1,1,1
solidago canadensis,1,L2,1,1,1
solidago canadensis,15,E18,1,1,1
solidago canadensis,90,B22,1,1,1
solidago canadensis,5,H13,1,1,1
solidago canadensis,40,B19,1,1,1
solidago canadensis,25,J16,1,1,1
solidago canadensis,5,A22,1,1,1
solidago canadensis,60,B4,1,1,1
solidago canadensis,15,A21,1,1,1
solidago canadensis,75,B23,1,1,1
solidago canadensis,50,A6,1,1,1
solidago canadensis,30,A10,1,1,1
solidago canadensis,8,H8,1,1,1
solidago canadensis,10,H16,1,1,1
solidago canadensis,5,A18,1,1,1
solidago canadensis,10,E16,1,1,1
solidago canadensis,40,I12,1,1,1
solidago canadensis,100,I14,1,1,1
solidago canadensis,60,B14,1,1,1
solidago canadensis,120,I11,1,1,1
solidago canadensis,20,A7,1,1,1
solidago canadensis,120,D12,1,1,1
solidago canadensis,3,F17,1,1,1
solidago canadensis,30,K10,1,1,1
solidago canadensis,5,A16,1,1,1
solidago canadensis,40,K13,1,1,1
solidago canadensis,50,B6,1,1,1
solidago canadensis,20,A5,1,1,1
solidago canadensis,8,J1,1,1,1
solidago canadensis,50,J12,1,1,1
solidago canadensis,10,B17,1,1,1
solidago canadensis,2,J19,1,1,1
solidago canadensis,3,H11,1,1,1
solidago canadensis,20,A19,1,1,1
solidago canadensis,1,C16,1,1,1
solidago canadensis,40,B20,1,1,1
solidago canadensis,15,C15,1,1,1
solidago canadensis,1,A20,1,1,1
solidago canadensis,30,G11,1,1,1
solidago canadensis,100,B24,1,1,1
solidago canadensis,15,K5,1,1,1
solidago canadensis,5,K12,1,1,1
solidago canadensis,40,D4,1,1,1
solidago canadensis,10,A13,1,1,1
solidago canadensis,10,L14,1,1,1
solidago canadensis,15,L9,1,1,1
solidago gigantea,2,H12,1,1,4
solidago gigantea,5,H13,1,1,4
solidago gigantea,5,I1,1,1,4
solidago gigantea,30,K9,1,1,4
solidago gigantea,3,C4,1,1,4
solidago gigantea,15,B13,1,1,4
solidago gigantea,3,C19,1,1,4
solidago gigantea,40,B14,1,1,4
solidago gigantea,20,K11,1,1,4
solidago gigantea,10,E5,1,1,4
solidago gigantea,8,H15,1,1,4
solidago gigantea,2,G3,1,1,4
solidago gigantea,50,A5,1,1,4
solidago gigantea,1,H3,1,1,4
solidago gigantea,15,K8,1,1,4
solidago gigantea,5,F8,1,1,4
solidago gigantea,8,F13,1,1,4
solidago gigantea,5,E3,1,1,4
solidago gigantea,40,K17,1,1,4
solidago gigantea,10,D11,1,1,4
solidago gigantea,2,F5,1,1,4
solidago gigantea,5,K7,1,1,4
solidago gigantea,3,H20,1,1,4
solidago gigantea,2,C20,1,1,4
solidago gigantea,3,F10,1,1,4
solidago gigantea,2,E4,1,1,4
solidago nemoralis,5,F3,1,1,3
solidago nemoralis,1,D13,1,1,3
solidago nemoralis,2,J10,1,1,3
solidago nemoralis,2,E13,1,1,3
solidago nemoralis,5,G4,1,1,3
solidago nemoralis,3,E16,1,1,3
solidago nemoralis,2,G15,1,1,3
solidago nemoralis,2,E14,1,1,3
solidago nemoralis,2,D6,1,1,3
solidago nemoralis,3,D2,1,1,3
solidago nemoralis,2,F4,1,1,3
solidago nemoralis,5,J8,1,1,3
solidago nemoralis,5,D15,1,1,3
solidago nemoralis,3,D14,1,1,3
solidago riddellii,1,H2,1,1,8
solidago riddellii,2,H1,1,1,8
solidago rigida,5,G4,1,1,3
solidago rigida,3,G1,1,1,3
solidago rigida,3,I19,1,1,3
solidago rigida,5,J11,1,1,3
solidago rigida,10,B1,1,1,3
solidago rigida,8,F4,1,1,3
solidago rigida,5,C1,1,1,3
solidago rigida,5,I10,1,1,3
solidago rigida,3,H9,1,1,3
solidago rigida,5,H3,1,1,3
solidago rigida,5,H10,1,1,3
solidago rigida,1,I2,1,1,3
solidago rigida,3,G10,1,1,3
solidago rigida,8,C3,1,1,3
solidago rigida,25,D16,1,1,3
solidago rigida,25,H11,1,1,3
solidago rigida,1,J10,1,1,3
solidago rigida,8,E3,1,1,3
solidago rigida,2,D12,1,1,3
solidago rigida,5,A1,1,1,3
solidago rigida,10,D2,1,1,3
solidago rigida,2,I9,1,1,3
solidago rigida,1,I4,1,1,3
solidago rigida,3,C2,1,1,3
solidago rigida,30,C22,1,1,3
solidago rigida,30,H2,1,1,3
solidago rigida,10,J9,1,1,3
solidago rigida,8,B23,1,1,3
solidago rigida,5,G16,1,1,3
solidago rigida,5,D1,1,1,3
solidago rigida,20,J18,1,1,3
solidago rigida,1,G8,1,1,3
solidago rigida,30,H19,1,1,3
solidago rigida,5,F3,1,1,3
solidago rigida,5,B2,1,1,3
solidago rigida,15,E2,1,1,3
solidago rigida,8,G9,1,1,3
solidago rigida,15,E1,1,1,3
solidago rigida,8,G15,1,1,3
solidago rigida,15,F2,1,1,3
solidago rigida,15,D3,1,1,3
solidago rigida,10,J8,1,1,3
solidago rigida,10,F16,1,1,3
solidago rigida,5,K7,1,1,3
solidago rigida,10,D15,1,1,3
solidago rigida,5,E16,1,1,3
solidago rigida,15,B3,1,1,3
solidago rigida,3,E15,1,1,3
solidago rigida,1,C7,1,1,3
solidago rigida,3,H7,1,1,3
solidago rigida,10,J19,1,1,3
solidago rigida,5,H1,1,1,3
sonchus asper,3,L16,0,1,0
sorghastrum nutans,2,J19,1,1,5
spartina pectinata,2,K13,1,1,4
spartina pectinata,1,C13,1,1,4
spartina pectinata,5,D12,1,1,4
spartina pectinata,50,J15,1,1,4
spartina pectinata,1,C12,1,1,4
spartina pectinata,1,E4,1,1,4
spartina pectinata,1,D4,1,1,4
spartina pectinata,1,C4,1,1,4
spartina pectinata,1,E16,1,1,4
spartina pectinata,25,K2,1,1,4
spartina pectinata,2,D16,1,1,4
spartina pectinata,15,J16,1,1,4
spartina pectinata,1,D6,1,1,4
spartina pectinata,1,D13,1,1,4
sporobolus compositus,2,I19,0,1,0
sporobolus heterolepis,50,D3,1,1,10
sporobolus heterolepis,15,C3,1,1,10
sporobolus heterolepis,40,I3,1,1,10
sporobolus heterolepis,1,H10,1,1,10
sporobolus heterolepis,5,C11,1,1,10
sporobolus heterolepis,60,D5,1,1,10
sporobolus heterolepis,2,H3,1,1,10
sporobolus heterolepis,5,B18,1,1,10
sporobolus heterolepis,1,F4,1,1,10
sporobolus heterolepis,5,B13,1,1,10
sporobolus heterolepis,5,D15,1,1,10
sporobolus heterolepis,25,F5,1,1,10
sporobolus heterolepis,5,E7,1,1,10
sporobolus heterolepis,5,C6,1,1,10
sporobolus heterolepis,15,E3,1,1,10
sporobolus heterolepis,1,B6,1,1,10
sporobolus heterolepis,15,E13,1,1,10
sporobolus heterolepis,1,J4,1,1,10
sporobolus heterolepis,1,J6,1,1,10
sporobolus heterolepis,1,D14,1,1,10
sporobolus heterolepis,15,G2,1,1,10
sporobolus heterolepis,10,C16,1,1,10
sporobolus heterolepis,40,G6,1,1,10
sporobolus heterolepis,1,H5,1,1,10
sporobolus heterolepis,1,F14,1,1,10
sporobolus heterolepis,10,G7,1,1,10
sporobolus heterolepis,15,G5,1,1,10
sporobolus heterolepis,3,H9,1,1,10
sporobolus heterolepis,1,C7,1,1,10
sporobolus heterolepis,2,C2,1,1,10
sporobolus heterolepis,1,H6,1,1,10
sporobolus heterolepis,2,I7,1,1,10
sporobolus heterolepis,10,I6,1,1,10
sporobolus heterolepis,1,H7,1,1,10
sporobolus heterolepis,1,H4,1,1,10
sporobolus heterolepis,1,I9,1,1,10
sporobolus heterolepis,25,G3,1,1,10
sporobolus heterolepis,40,E6,1,1,10
sporobolus heterolepis,3,F6,1,1,10
sporobolus heterolepis,1,B5,1,1,10
sporobolus heterolepis,1,J7,1,1,10
sporobolus heterolepis,8,D6,1,1,10
sporobolus heterolepis,2,D7,1,1,10
symphyotrichum ericoides,5,F2,1,1,6
symphyotrichum ericoides,5,H16,1,1,6
symphyotrichum ericoides,2,J9,1,1,6
symphyotrichum ericoides,3,C6,1,1,6
symphyotrichum ericoides,1,E3,1,1,6
symphyotrichum ericoides,2,B3,1,1,6
symphyotrichum ericoides,2,H2,1,1,6
symphyotrichum ericoides,2,G7,1,1,6
symphyotrichum ericoides,2,F1,1,1,6
symphyotrichum ericoides,3,B12,1,1,6
symphyotrichum ericoides,2,G10,1,1,6
symphyotrichum ericoides,2,B6,1,1,6
symphyotrichum ericoides,10,D14,1,1,6
symphyotrichum ericoides,1,E13,1,1,6
symphyotrichum ericoides,2,E15,1,1,6
symphyotrichum ericoides,2,A24,1,1,6
symphyotrichum ericoides,8,F16,1,1,6
symphyotrichum ericoides,1,H3,1,1,6
symphyotrichum ericoides,2,D15,1,1,6
symphyotrichum ericoides,20,A8,1,1,6
symphyotrichum ericoides,2,D2,1,1,6
symphyotrichum laeve,20,H4,1,1,9
symphyotrichum laeve,60,J7,1,1,9
symphyotrichum laeve,3,I6,1,1,9
symphyotrichum laeve,15,J6,1,1,9
symphyotrichum laeve,8,G4,1,1,9
symphyotrichum laeve,10,G5,1,1,9
symphyotrichum laeve,5,H2,1,1,9
symphyotrichum laeve,15,E3,1,1,9
symphyotrichum laeve,3,G6,1,1,9
symphyotrichum laeve,1,G2,1,1,9
symphyotrichum laeve,5,F2,1,1,9
symphyotrichum laeve,5,J5,1,1,9
symphyotrichum laeve,1,H6,1,1,9
symphyotrichum laeve,3,C6,1,1,9
symphyotrichum laeve,5,B3,1,1,9
symphyotrichum laeve,2,J10,1,1,9
symphyotrichum laeve,5,C2,1,1,9
symphyotrichum laeve,1,C5,1,1,9
symphyotrichum laeve,8,E12,1,1,9
symphyotrichum laeve,5,E2,1,1,9
symphyotrichum laeve,2,E11,1,1,9
symphyotrichum laeve,3,F16,1,1,9
symphyotrichum laeve,2,D2,1,1,9
symphyotrichum laeve,25,I5,1,1,9
symphyotrichum laeve,5,J4,1,1,9
symphyotrichum laeve,1,F4,1,1,9
symphyotrichum laeve,10,H5,1,1,9
symphyotrichum laeve,3,D1,1,1,9
symphyotrichum laeve,3,H1,1,1,9
symphyotrichum laeve,2,F15,1,1,9
symphyotrichum laeve,2,G15,1,1,9
symphyotrichum laeve,5,F14,1,1,9
symphyotrichum laeve,5,H7,1,1,9
symphyotrichum laeve,3,G9,1,1,9
symphyotrichum laeve,5,G1,1,1,9
symphyotrichum laeve,1,E1,1,1,9
symphyotrichum laeve,1,H9,1,1,9
symphyotrichum laeve,5,F3,1,1,9
symphyotrichum laeve,5,B2,1,1,9
symphyotrichum laeve,8,I7,1,1,9
symphyotrichum laeve,1,E16,1,1,9
symphyotrichum laeve,8,B13,1,1,9
symphyotrichum laeve,5,F1,1,1,9
symphyotrichum laeve,5,H3,1,1,9
symphyotrichum laeve,8,B1,1,1,9
symphyotrichum laeve,1,D16,1,1,9
symphyotrichum laeve,2,H8,1,1,9
symphyotrichum laeve,1,H10,1,1,9
symphyotrichum laeve,15,J8,1,1,9
symphyotrichum laeve,5,I3,1,1,9
symphyotrichum laeve,5,I4,1,1,9
symphyotrichum laeve,5,E15,1,1,9
symphyotrichum laeve,8,G7,1,1,9
symphyotrichum laeve,2,C1,1,1,9
symphyotrichum laeve,5,E13,1,1,9
symphyotrichum laeve,10,G3,1,1,9
symphyotrichum lanceolatum,5,D17,1,1,3
symphyotrichum lanceolatum,2,F21,1,1,3
symphyotrichum lanceolatum,1,D21,1,1,3
symphyotrichum lanceolatum,30,E22,1,1,3
symphyotrichum lanceolatum,1,L5,1,1,3
symphyotrichum lanceolatum,25,F9,1,1,3
symphyotrichum lanceolatum,5,D8,1,1,3
symphyotrichum lanceolatum,5,E8,1,1,3
symphyotrichum lanceolatum,1,L3,1,1,3
symphyotrichum lanceolatum,3,F12,1,1,3
symphyotrichum lanceolatum,20,L4,1,1,3
symphyotrichum lanceolatum,25,F fence,1,1,3
symphyotrichum lanceolatum,3,D18,1,1,3
symphyotrichum lanceolatum,1,E21,1,1,3
symphyotrichum novae-angliae,2,D16,1,1,3
symphyotrichum novae-angliae,15,E17,1,1,3
symphyotrichum novae-angliae,1,C24,1,1,3
symphyotrichum novae-angliae,5,B11,1,1,3
symphyotrichum novae-angliae,2,B5,1,1,3
symphyotrichum novae-angliae,15,E16,1,1,3
symphyotrichum novae-angliae,2,H13,1,1,3
symphyotrichum novae-angliae,1,G14,1,1,3
symphyotrichum novae-angliae,5,B7,1,1,3
symphyotrichum novae-angliae,25,C13,1,1,3
symphyotrichum novae-angliae,3,A12,1,1,3
symphyotrichum novae-angliae,50,A8,1,1,3
symphyotrichum novae-angliae,5,B12,1,1,3
symphyotrichum pilosum,5,A21,1,1,0
symphyotrichum pilosum,20,A6,1,1,0
symphyotrichum pilosum,1,A16,1,1,0
symphyotrichum pilosum,25,A13,1,1,0
symphyotrichum pilosum,5,A25,1,1,0
symphyotrichum pilosum,3,A22,1,1,0
symphyotrichum pilosum,8,A19,1,1,0
symphyotrichum pilosum,30,A5,1,1,0
symphyotrichum pilosum,10,A12,1,1,0
symphyotrichum pilosum,15,A14,1,1,0
syringa vulgaris,1,L2,0,1,0
syringa vulgaris,1,L14,0,1,0
taraxacum officinale,2,A12,0,1,0
taraxacum officinale,1,H13,0,1,0
taraxacum officinale,2,L16,0,1,0
taraxacum officinale,1,L12,0,1,0
taraxacum officinale,1,L14,0,1,0
taraxacum officinale,2,L13,0,1,0
taraxacum officinale,1,L8,0,1,0
taraxacum officinale,1,A3,0,1,0
taraxacum officinale,1,L1,0,1,0
taraxacum officinale,1,J1,0,1,0
tradescantia ohiensis,2,K6,1,1,3
tradescantia ohiensis,3,C21,1,1,3
tradescantia ohiensis,3,B23,1,1,3
tradescantia ohiensis,5,C8,1,1,3
tradescantia ohiensis,1,C16,1,1,3
tradescantia ohiensis,3,C17,1,1,3
verbascum thapsus,8,K8,0,1,0
verbascum thapsus,1,F20,0,1,0
verbena hastata,1,E19,1,1,4
verbena hastata,2,D17,1,1,4
verbena hastata,8,G12,1,1,4
verbena hastata,8,C20,1,1,4
verbena hastata,2,F20,1,1,4
verbena hastata,1,E18,1,1,4
veronicastrum virginicum,5,D5,1,1,8
veronicastrum virginicum,30,B19,1,1,8
veronicastrum virginicum,1,H2,1,1,8
veronicastrum virginicum,5,F13,1,1,8
veronicastrum virginicum,15,C3,1,1,8
veronicastrum virginicum,140,B20,1,1,8
veronicastrum virginicum,3,G1,1,1,8
veronicastrum virginicum,2,H1,1,1,8
veronicastrum virginicum,8,C21,1,1,8
veronicastrum virginicum,8,D3,1,1,8
veronicastrum virginicum,20,C18,1,1,8
veronicastrum virginicum,5,F6,1,1,8
veronicastrum virginicum,1,F10,1,1,8
veronicastrum virginicum,8,F4,1,1,8
veronicastrum virginicum,15,F7,1,1,8
veronicastrum virginicum,15,E7,1,1,8
veronicastrum virginicum,90,E4,1,1,8
veronicastrum virginicum,3,C4,1,1,8
viola pedatifida,1,C7,1,1,9
viola pedatifida,1,D15,1,1,9
viola sororia,1,B19,1,1,3
viola sororia,1,D16,1,1,3
viola sororia,1,F15,1,1,3
viola sororia,1,J8,1,1,3
viola sororia,1,J3,1,1,3
viola sororia,1,D15,1,1,3
viola sororia,1,J5,1,1,3
viola sororia,1,B13,1,1,3
viola sororia,1,I3,1,1,3
viola sororia,3,I4,1,1,3
viola sororia,1,E4,1,1,3
viola sororia,1,E12,1,1,3
viola sororia,1,D11,1,1,3
viola sororia,1,E13,1,1,3
viola sororia,1,B1,1,1,3
viola sororia,1,F2,1,1,3
viola sororia,1,B7,1,1,3
viola sororia,1,G6,1,1,3
viola sororia,2,G9,1,1,3
viola sororia,1,B8,1,1,3
viola sororia,1,K5,1,1,3
viola sororia,1,B11,1,1,3
viola sororia,1,F1,1,1,3
viola sororia,2,E11,1,1,3
viola sororia,1,D13,1,1,3
viola sororia,3,J6,1,1,3
viola sororia,1,H6,1,1,3
viola sororia,5,K6,1,1,3
viola sororia,1,D6,1,1,3
viola sororia,1,B12,1,1,3
viola sororia,1,G14,1,1,3
viola sororia,2,B18,1,1,3
viola sororia,1,D14,1,1,3
viola sororia,1,F3,1,1,3
zizia aurea,8,C1,1,1,5
zizia aurea,1,A12,1,1,5
zizia aurea,3,F17,1,1,5
zizia aurea,2,J10,1,1,5
zizia aurea,1,H2,1,1,5
zizia aurea,10,H11,1,1,5
zizia aurea,1,C2,1,1,5
zizia aurea,25,A1,1,1,5
zizia aurea,8,I9,1,1,5
zizia aurea,8,F1,1,1,5
zizia aurea,3,A25,1,1,5
zizia aurea,5,J11,1,1,5
zizia aurea,3,A23,1,1,5
zizia aurea,15,H10,1,1,5
zizia aurea,2,D15,1,1,5
zizia aurea,5,E2,1,1,5
zizia aurea,10,D2,1,1,5
zizia aurea,50,A11,1,1,5
zizia aurea,10,H9,1,1,5
zizia aurea,30,J9,1,1,5
zizia aurea,8,E3,1,1,5
zizia aurea,1,L16,1,1,5
zizia aurea,3,I5,1,1,5
zizia aurea,3,E1,1,1,5
zizia aurea,1,H3,1,1,5
zizia aurea,5,F2,1,1,5
zizia aurea,2,D1,1,1,5
zizia aurea,8,H6,1,1,5
zizia aurea,1,H7,1,1,5
